seed,scenario,step_index,hour,action_idx,dominant_component,dominant,remaining_sum,total_modifier,category
7,overproduction,28,7.0,2,2,-0.09538969216408207,0.10831394631760634,0.012924254153524273,negative_largest_positive_total
7,overproduction,29,7.25,2,2,-0.09538969216408207,0.10831394631760634,0.012924254153524273,negative_largest_positive_total
7,overproduction,31,7.75,2,2,-0.09538969216408207,0.10831394631760634,0.012924254153524273,negative_largest_positive_total
7,overproduction,79,19.75,2,2,-0.0948512019663816,0.09778417079516175,0.0029329688287801532,negative_largest_positive_total
7,overproduction,144,36.0,2,2,-0.09462042045308142,0.10831394631760634,0.013693525864524922,negative_largest_positive_total
7,cyber_outage,16,4.0,2,2,-0.1014716271383677,0.11935511501331207,0.01788348787494437,negative_largest_positive_total
7,cyber_outage,22,5.5,2,2,-0.1014716271383677,0.11935511501331207,0.01788348787494437,negative_largest_positive_total
7,adaptive_pricing,11,2.75,2,2,-0.09288060174261642,0.11172070364662916,0.018840101904012738,negative_largest_positive_total
7,baseline,7,1.75,2,2,-0.08026906707439366,0.12368268207626434,0.04341361500187069,negative_largest_positive_total
7,baseline,53,13.25,2,2,-0.08026906707439366,0.08657787745338504,0.0063088103789913814,negative_largest_positive_total
7,baseline,64,16.0,2,2,-0.08026906707439366,0.08657787745338504,0.0063088103789913814,negative_largest_positive_total
7,baseline,148,37.0,2,2,-0.08026906707439366,0.12368268207626434,0.04341361500187069,negative_largest_positive_total
7,baseline,175,43.75,2,2,-0.08026906707439366,0.12368268207626434,0.04341361500187069,negative_largest_positive_total
42,heatwave,179,44.75,2,2,-0.13584557097042266,0.1566317362344409,0.020786165264018247,negative_largest_positive_total
42,overproduction,27,6.75,2,2,-0.09952975479170573,0.10159226431332004,0.0020625095216143113,negative_largest_positive_total
42,overproduction,62,15.5,2,2,-0.09952975479170571,0.12620040237732502,0.026670647585619295,negative_largest_positive_total
42,overproduction,116,29.0,2,2,-0.09896789327272029,0.10322707807402774,0.00425918480130745,negative_largest_positive_total
42,cyber_outage,6,1.5,2,2,-0.10327507211909251,0.12946735718538854,0.026192285066296034,negative_largest_positive_total
42,cyber_outage,37,9.25,2,2,-0.10327507211909251,0.12946735718538854,0.026192285066296034,negative_largest_positive_total
42,adaptive_pricing,4,1.0,2,2,-0.0939098315808582,0.1159607199661439,0.022050888385285718,negative_largest_positive_total
42,adaptive_pricing,47,11.75,2,2,-0.0939098315808582,0.1159607199661439,0.022050888385285718,negative_largest_positive_total
42,baseline,6,1.5,2,2,-0.08880976624569643,0.10618371259055798,0.01737394634486155,negative_largest_positive_total
42,baseline,14,3.5,2,2,-0.08880976624569643,0.10618371259055798,0.01737394634486155,negative_largest_positive_total
42,baseline,31,7.75,2,2,-0.08880976624569643,0.10618371259055798,0.01737394634486155,negative_largest_positive_total
42,baseline,144,36.0,2,2,-0.08880976624569643,0.10618371259055798,0.01737394634486155,negative_largest_positive_total
42,baseline,182,45.5,2,2,-0.08880976624569643,0.10618371259055798,0.01737394634486155,negative_largest_positive_total
42,baseline,188,47.0,2,2,-0.08880976624569643,0.10618371259055798,0.01737394634486155,negative_largest_positive_total
42,baseline,200,50.0,2,2,-0.08880976624569643,0.10618371259055798,0.01737394634486155,negative_largest_positive_total
42,baseline,202,50.5,2,2,-0.08880976624569643,0.10618371259055798,0.01737394634486155,negative_largest_positive_total
42,baseline,205,51.25,2,2,-0.08880976624569643,0.10618371259055798,0.01737394634486155,negative_largest_positive_total
99,heatwave,166,41.5,2,2,-0.13096038619831743,0.15158860512260933,0.020628218924291897,negative_largest_positive_total
99,heatwave,188,47.0,2,2,-0.13096038619831743,0.15158860512260933,0.020628218924291897,negative_largest_positive_total
99,heatwave,191,47.75,2,2,-0.13096038619831743,0.15158860512260933,0.020628218924291897,negative_largest_positive_total
99,overproduction,57,14.25,2,2,-0.09965969900850007,0.11779809174737521,0.018138392738875152,negative_largest_positive_total
99,baseline,8,2.0,2,2,-0.08449747165370997,0.1121499620967,0.027652490442990042,negative_largest_positive_total
99,baseline,23,5.75,2,2,-0.08449747165370997,0.1121499620967,0.027652490442990042,negative_largest_positive_total
99,baseline,31,7.75,2,2,-0.08449747165370997,0.1121499620967,0.027652490442990042,negative_largest_positive_total
99,baseline,41,10.25,2,2,-0.08449747165370997,0.1121499620967,0.027652490442990042,negative_largest_positive_total
99,baseline,44,11.0,2,2,-0.08449747165370997,0.1121499620967,0.027652490442990042,negative_largest_positive_total
99,baseline,204,51.0,2,2,-0.08449747165370997,0.1121499620967,0.027652490442990042,negative_largest_positive_total
99,baseline,205,51.25,2,2,-0.08449747165370997,0.1121499620967,0.027652490442990042,negative_largest_positive_total
99,baseline,213,53.25,2,2,-0.08449747165370997,0.1121499620967,0.027652490442990042,negative_largest_positive_total
101,overproduction,201,50.25,2,2,-0.08662989491821957,0.1074760646649579,0.02084616974673833,negative_largest_positive_total
101,cyber_outage,24,6.0,2,2,-0.08306072275923579,0.13746966670315103,0.054408943943915246,negative_largest_positive_total
101,adaptive_pricing,8,2.0,2,2,-0.1023524064576179,0.10383389568488274,0.0014814892272648483,negative_largest_positive_total
101,adaptive_pricing,30,7.5,2,2,-0.1023524064576179,0.10383389568488274,0.0014814892272648483,negative_largest_positive_total
202,heatwave,33,8.25,2,2,-0.10647327704911393,0.11336648616765292,0.006893209118538995,negative_largest_positive_total
202,overproduction,8,2.0,2,2,-0.09408101572349911,0.10282760887208105,0.008746593148581935,negative_largest_positive_total
202,overproduction,19,4.75,2,2,-0.09408101572349911,0.10282760887208105,0.008746593148581935,negative_largest_positive_total
202,overproduction,44,11.0,2,2,-0.09408101572349911,0.10282760887208105,0.008746593148581935,negative_largest_positive_total
202,overproduction,109,27.25,2,2,-0.0940810157234991,0.10062122029936829,0.0065402045758691935,negative_largest_positive_total
202,cyber_outage,3,0.75,2,2,-0.09215642897436166,0.1218998414234316,0.02974341244906995,negative_largest_positive_total
202,adaptive_pricing,33,8.25,2,2,-0.0834102179888494,0.11328147155638375,0.029871253567534353,negative_largest_positive_total
202,adaptive_pricing,35,8.75,2,2,-0.0834102179888494,0.11328147155638375,0.029871253567534353,negative_largest_positive_total
303,heatwave,151,37.75,2,2,-0.13689513487446486,0.1585238859315123,0.021628751057047424,negative_largest_positive_total
303,heatwave,161,40.25,2,2,-0.13689513487446486,0.1585238859315123,0.021628751057047424,negative_largest_positive_total
303,heatwave,169,42.25,2,2,-0.13689513487446486,0.1585238859315123,0.021628751057047424,negative_largest_positive_total
303,cyber_outage,4,1.0,2,2,-0.11144296278712519,0.12054379803290811,0.009100835245782923,negative_largest_positive_total
303,cyber_outage,30,7.5,2,2,-0.11144296278712519,0.12054379803290811,0.009100835245782923,negative_largest_positive_total
303,adaptive_pricing,9,2.25,2,2,-0.10881154691750755,0.11074108030256893,0.0019295333850613827,negative_largest_positive_total
303,adaptive_pricing,36,9.0,2,2,-0.10881154691750755,0.11074108030256893,0.0019295333850613827,negative_largest_positive_total
303,adaptive_pricing,40,10.0,2,2,-0.10881154691750755,0.11074108030256893,0.0019295333850613827,negative_largest_positive_total
303,baseline,41,10.25,2,2,-0.09264471411930383,0.0955082979394595,0.0028635838201556685,negative_largest_positive_total
404,heatwave,0,0.0,2,2,-0.09571251905473308,0.1252050075412532,0.02949248848652012,negative_largest_positive_total
404,heatwave,2,0.5,2,2,-0.09571251905473308,0.1252050075412532,0.02949248848652012,negative_largest_positive_total
404,heatwave,3,0.75,2,2,-0.09571251905473308,0.1252050075412532,0.02949248848652012,negative_largest_positive_total
404,heatwave,8,2.0,2,2,-0.09571251905473308,0.1252050075412532,0.02949248848652012,negative_largest_positive_total
404,heatwave,44,11.0,2,2,-0.09571251905473308,0.1252050075412532,0.02949248848652012,negative_largest_positive_total
404,overproduction,14,3.5,2,2,-0.0837579143332409,0.11207438426944301,0.028316469936202113,negative_largest_positive_total
404,overproduction,29,7.25,2,2,-0.0837579143332409,0.11207438426944301,0.028316469936202113,negative_largest_positive_total
404,overproduction,187,46.75,2,2,-0.08308244728216638,0.11207438426944301,0.02899193698727663,negative_largest_positive_total
404,cyber_outage,4,1.0,2,2,-0.07906839156451988,0.1341405826452549,0.05507219108073503,negative_largest_positive_total
404,cyber_outage,58,14.5,2,2,-0.07906839156451988,0.09389840785167843,0.014830016287158552,negative_largest_positive_total
404,cyber_outage,60,15.0,2,2,-0.07906839156451988,0.08188814789976431,0.002819756335244436,negative_largest_positive_total
404,adaptive_pricing,13,3.25,2,2,-0.08661312824861626,0.10748761385580609,0.020874485607189824,negative_largest_positive_total
404,baseline,16,4.0,2,2,-0.08096469357462238,0.11446722195069728,0.033502528376074904,negative_largest_positive_total
404,baseline,155,38.75,2,2,-0.08096469357462238,0.11446722195069728,0.033502528376074904,negative_largest_positive_total
404,baseline,171,42.75,2,2,-0.08096469357462238,0.11446722195069728,0.033502528376074904,negative_largest_positive_total
404,baseline,184,46.0,2,2,-0.08096469357462238,0.11446722195069728,0.033502528376074904,negative_largest_positive_total
505,overproduction,26,6.5,2,2,-0.08766872077163845,0.1109266936990514,0.023257972927412954,negative_largest_positive_total
505,overproduction,36,9.0,2,2,-0.08766872077163845,0.1109266936990514,0.023257972927412954,negative_largest_positive_total
505,cyber_outage,26,6.5,2,2,-0.10449661017505456,0.11519995779301938,0.01070334761796482,negative_largest_positive_total
505,adaptive_pricing,14,3.5,2,2,-0.07999952708575044,0.11931708742149533,0.039317560335744885,negative_largest_positive_total
505,adaptive_pricing,33,8.25,2,2,-0.07999952708575044,0.11931708742149533,0.039317560335744885,negative_largest_positive_total
505,adaptive_pricing,36,9.0,2,2,-0.07999952708575044,0.11931708742149533,0.039317560335744885,negative_largest_positive_total
505,adaptive_pricing,38,9.5,2,2,-0.07999952708575044,0.11931708742149533,0.039317560335744885,negative_largest_positive_total
505,adaptive_pricing,54,13.5,2,2,-0.07999952708575042,0.0835219611950467,0.003522434109296285,negative_largest_positive_total
505,baseline,13,3.25,2,2,-0.08192638405332046,0.11745220621675503,0.03552582216343456,negative_largest_positive_total
505,baseline,33,8.25,2,2,-0.08192638405332046,0.11745220621675503,0.03552582216343456,negative_largest_positive_total
505,baseline,55,13.75,2,2,-0.08192638405332046,0.08221654435172851,0.00029016029840805285,negative_largest_positive_total
505,baseline,156,39.0,2,2,-0.08192638405332046,0.11745220621675503,0.03552582216343456,negative_largest_positive_total
505,baseline,164,41.0,2,2,-0.08192638405332046,0.11745220621675503,0.03552582216343456,negative_largest_positive_total
505,baseline,177,44.25,2,2,-0.08192638405332046,0.11745220621675503,0.03552582216343456,negative_largest_positive_total
505,baseline,182,45.5,2,2,-0.08192638405332046,0.11745220621675503,0.03552582216343456,negative_largest_positive_total
606,heatwave,145,36.25,2,2,-0.13313655139131894,0.1350591397414715,0.0019225883501525487,negative_largest_positive_total
606,heatwave,146,36.5,2,2,-0.13313655139131894,0.1350591397414715,0.0019225883501525487,negative_largest_positive_total
606,heatwave,172,43.0,2,2,-0.13313655139131894,0.16310778171215812,0.029971230320839176,negative_largest_positive_total
606,overproduction,6,1.5,2,2,-0.08662633702599239,0.10238586522228438,0.015759528196291984,negative_largest_positive_total
606,overproduction,45,11.25,2,2,-0.08662633702599239,0.10238586522228438,0.015759528196291984,negative_largest_positive_total
606,overproduction,46,11.5,2,2,-0.08662633702599239,0.10238586522228438,0.015759528196291984,negative_largest_positive_total
606,overproduction,179,44.75,2,2,-0.0859277375338473,0.10238586522228438,0.016458127688437067,negative_largest_positive_total
606,adaptive_pricing,21,5.25,2,2,-0.08808753443001832,0.11753099356967986,0.029443459139661544,negative_largest_positive_total
606,adaptive_pricing,40,10.0,2,2,-0.08808753443001832,0.11753099356967986,0.029443459139661544,negative_largest_positive_total
606,baseline,1,0.25,2,2,-0.0765508106876088,0.11335474049933289,0.03680392981172408,negative_largest_positive_total
606,baseline,17,4.25,2,2,-0.0765508106876088,0.11335474049933289,0.03680392981172408,negative_largest_positive_total
606,baseline,58,14.5,2,2,-0.0765508106876088,0.07934831834953301,0.002797507661924218,negative_largest_positive_total
606,baseline,71,17.75,2,2,-0.0765508106876088,0.07934831834953301,0.002797507661924218,negative_largest_positive_total
606,baseline,158,39.5,2,2,-0.0765508106876088,0.11335474049933289,0.03680392981172408,negative_largest_positive_total
606,baseline,160,40.0,2,2,-0.0765508106876088,0.11335474049933289,0.03680392981172408,negative_largest_positive_total
606,baseline,186,46.5,2,2,-0.0765508106876088,0.11335474049933289,0.03680392981172408,negative_largest_positive_total
606,baseline,206,51.5,2,2,-0.0765508106876088,0.11335474049933289,0.03680392981172408,negative_largest_positive_total
606,baseline,207,51.75,2,2,-0.0765508106876088,0.11335474049933289,0.03680392981172408,negative_largest_positive_total
606,baseline,215,53.75,2,2,-0.0765508106876088,0.11335474049933289,0.03680392981172408,negative_largest_positive_total
707,overproduction,42,10.5,2,2,-0.0842257995180521,0.10993921955028854,0.02571342003223643,negative_largest_positive_total
707,cyber_outage,5,1.25,2,2,-0.08140284278315206,0.1163570101722618,0.03495416738910973,negative_largest_positive_total
707,cyber_outage,7,1.75,2,2,-0.08140284278315206,0.1163570101722618,0.03495416738910973,negative_largest_positive_total
707,cyber_outage,37,9.25,2,2,-0.08140284278315206,0.1163570101722618,0.03495416738910973,negative_largest_positive_total
707,baseline,62,15.5,2,2,-0.06591042263120483,0.06961565721551986,0.0037052345843150286,negative_largest_positive_total
808,overproduction,6,1.5,2,2,-0.08577616092442175,0.12124499559685603,0.03546883467243427,negative_largest_positive_total
808,overproduction,30,7.5,2,2,-0.08577616092442175,0.12124499559685603,0.03546883467243427,negative_largest_positive_total
808,overproduction,79,19.75,2,0,0.09911735159951365,-0.11889859935038677,-0.019781247750873115,positive_largest_negative_total
808,overproduction,145,36.25,2,2,-0.08508441769116029,0.12124499559685603,0.03616057790569573,negative_largest_positive_total
808,adaptive_pricing,16,4.0,2,2,-0.09610370832368868,0.1134104953322875,0.01730678700859882,negative_largest_positive_total
808,adaptive_pricing,41,10.25,2,2,-0.09610370832368868,0.1134104953322875,0.01730678700859882,negative_largest_positive_total
808,baseline,9,2.25,2,2,-0.09628513252424623,0.10884287400459186,0.012557741480345642,negative_largest_positive_total
808,baseline,168,42.0,2,2,-0.09628513252424623,0.10884287400459186,0.012557741480345642,negative_largest_positive_total
909,heatwave,0,0.0,2,2,-0.08133105145222179,0.11459665866687649,0.033265607214654706,negative_largest_positive_total
909,heatwave,14,3.5,2,2,-0.08133105145222179,0.11459665866687649,0.033265607214654706,negative_largest_positive_total
909,heatwave,18,4.5,2,2,-0.08133105145222179,0.11459665866687649,0.033265607214654706,negative_largest_positive_total
909,overproduction,0,0.0,2,2,-0.0825118351143994,0.10066353075229607,0.018151695637896675,negative_largest_positive_total
909,overproduction,27,6.75,2,2,-0.0825118351143994,0.10066353075229607,0.018151695637896675,negative_largest_positive_total
909,overproduction,163,40.75,2,2,-0.08184641708928328,0.10066353075229607,0.018817113663012794,negative_largest_positive_total
909,baseline,26,6.5,2,2,-0.08068841818548651,0.11337729124900194,0.03268887306351542,negative_largest_positive_total
909,baseline,145,36.25,2,2,-0.08068841818548651,0.11337729124900194,0.03268887306351542,negative_largest_positive_total
909,baseline,174,43.5,2,2,-0.08068841818548651,0.11337729124900194,0.03268887306351542,negative_largest_positive_total
1010,overproduction,57,14.25,2,2,-0.1048611742208944,0.12571806034628058,0.02085688612538618,negative_largest_positive_total
1010,overproduction,70,17.5,2,2,-0.1048611742208944,0.12571806034628058,0.02085688612538618,negative_largest_positive_total
1010,adaptive_pricing,9,2.25,2,2,-0.09723826449633331,0.11340549268769784,0.016167228191364534,negative_largest_positive_total
1010,adaptive_pricing,15,3.75,2,2,-0.09723826449633331,0.11340549268769784,0.016167228191364534,negative_largest_positive_total
1010,adaptive_pricing,39,9.75,2,2,-0.09723826449633331,0.11340549268769784,0.016167228191364534,negative_largest_positive_total
1010,baseline,43,10.75,2,2,-0.0934869817099577,0.10421768423680328,0.010730702526845583,negative_largest_positive_total
1010,baseline,145,36.25,2,2,-0.0934869817099577,0.10421768423680328,0.010730702526845583,negative_largest_positive_total
1010,baseline,146,36.5,2,2,-0.0934869817099577,0.10421768423680328,0.010730702526845583,negative_largest_positive_total
1010,baseline,172,43.0,2,2,-0.0934869817099577,0.10421768423680328,0.010730702526845583,negative_largest_positive_total
1010,baseline,204,51.0,2,2,-0.0934869817099577,0.10421768423680328,0.010730702526845583,negative_largest_positive_total
1111,heatwave,26,6.5,2,2,-0.10207479081864451,0.10785394139800158,0.005779150579357073,negative_largest_positive_total
1111,heatwave,41,10.25,2,2,-0.10207479081864451,0.10785394139800158,0.005779150579357073,negative_largest_positive_total
1111,overproduction,0,0.0,2,2,-0.08821944920778119,0.1116536620954467,0.02343421288766552,negative_largest_positive_total
1111,cyber_outage,9,2.25,2,2,-0.0759876789276903,0.12467629819276269,0.04868861926507239,negative_largest_positive_total
1111,cyber_outage,29,7.25,2,2,-0.0759876789276903,0.12467629819276269,0.04868861926507239,negative_largest_positive_total
1111,cyber_outage,37,9.25,2,2,-0.0759876789276903,0.12467629819276269,0.04868861926507239,negative_largest_positive_total
1111,cyber_outage,48,12.0,2,2,-0.0759876789276903,0.08727340873493389,0.011285729807243582,negative_largest_positive_total
1111,adaptive_pricing,5,1.25,2,2,-0.08895074219834963,0.11708036368233155,0.02812962148398191,negative_largest_positive_total
1111,adaptive_pricing,24,6.0,2,2,-0.08895074219834963,0.11708036368233155,0.02812962148398191,negative_largest_positive_total
1111,adaptive_pricing,35,8.75,2,2,-0.08895074219834963,0.11708036368233155,0.02812962148398191,negative_largest_positive_total
1111,baseline,8,2.0,2,2,-0.08332000340568833,0.11134520896785405,0.028025205562165707,negative_largest_positive_total
1111,baseline,45,11.25,2,2,-0.08332000340568833,0.11134520896785405,0.028025205562165707,negative_largest_positive_total
1111,baseline,198,49.5,2,2,-0.08332000340568833,0.11134520896785405,0.028025205562165707,negative_largest_positive_total
1111,baseline,202,50.5,2,2,-0.08332000340568833,0.11134520896785405,0.028025205562165707,negative_largest_positive_total
1212,heatwave,11,2.75,2,2,-0.11142069558675097,0.11557054716182585,0.0041498515750748866,negative_largest_positive_total
1212,heatwave,24,6.0,2,2,-0.11142069558675097,0.11557054716182585,0.0041498515750748866,negative_largest_positive_total
1212,heatwave,25,6.25,2,2,-0.11142069558675097,0.11557054716182585,0.0041498515750748866,negative_largest_positive_total
1212,overproduction,4,1.0,2,2,-0.09789316687563651,0.10425487503915748,0.006361708163520975,negative_largest_positive_total
1212,overproduction,24,6.0,2,2,-0.09789316687563651,0.10425487503915748,0.006361708163520975,negative_largest_positive_total
1212,overproduction,43,10.75,2,2,-0.09789316687563651,0.10425487503915748,0.006361708163520975,negative_largest_positive_total
1212,overproduction,103,25.75,2,2,-0.09789316687563651,0.10020164684039864,0.0023084799647621404,negative_largest_positive_total
1212,cyber_outage,15,3.75,2,2,-0.09206544583808744,0.12504561509547804,0.0329801692573906,negative_largest_positive_total
1212,cyber_outage,41,10.25,2,2,-0.09206544583808744,0.12504561509547804,0.0329801692573906,negative_largest_positive_total
1212,adaptive_pricing,0,0.0,2,2,-0.0839675915438914,0.11473672498500197,0.03076913344111057,negative_largest_positive_total
1212,adaptive_pricing,6,1.5,2,2,-0.0839675915438914,0.11473672498500197,0.03076913344111057,negative_largest_positive_total
1212,adaptive_pricing,19,4.75,2,2,-0.0839675915438914,0.11473672498500197,0.03076913344111057,negative_largest_positive_total
1212,adaptive_pricing,23,5.75,2,2,-0.0839675915438914,0.11473672498500197,0.03076913344111057,negative_largest_positive_total
1212,baseline,23,5.75,2,2,-0.0735025658813675,0.11357898246997536,0.04007641658860786,negative_largest_positive_total
1212,baseline,56,14.0,2,2,-0.0735025658813675,0.07950528772898274,0.006002721847615251,negative_largest_positive_total
1212,baseline,159,39.75,2,2,-0.0735025658813675,0.11357898246997536,0.04007641658860786,negative_largest_positive_total
1313,heatwave,136,34.0,2,2,-0.12960483393403782,0.13460712205769904,0.005002288123661214,negative_largest_positive_total
1313,heatwave,137,34.25,2,2,-0.12960483393403782,0.13460712205769904,0.005002288123661214,negative_largest_positive_total
1313,heatwave,139,34.75,2,2,-0.12960483393403782,0.13460712205769904,0.005002288123661214,negative_largest_positive_total
1313,heatwave,142,35.5,2,2,-0.12960483393403782,0.13460712205769904,0.005002288123661214,negative_largest_positive_total
1313,heatwave,161,40.25,2,2,-0.12960483393403782,0.16227314941598525,0.03266831548194743,negative_largest_positive_total
1313,heatwave,164,41.0,2,2,-0.12960483393403782,0.16227314941598525,0.03266831548194743,negative_largest_positive_total
1313,heatwave,165,41.25,2,2,-0.12960483393403782,0.16227314941598525,0.03266831548194743,negative_largest_positive_total
1313,heatwave,168,42.0,2,2,-0.12960483393403782,0.16227314941598525,0.03266831548194743,negative_largest_positive_total
1313,heatwave,180,45.0,2,2,-0.12960483393403782,0.16227314941598525,0.03266831548194743,negative_largest_positive_total
1313,cyber_outage,10,2.5,2,2,-0.1009270520880179,0.13173560673332652,0.030808554645308628,negative_largest_positive_total
1313,cyber_outage,13,3.25,2,2,-0.1009270520880179,0.13173560673332652,0.030808554645308628,negative_largest_positive_total
1313,cyber_outage,25,6.25,2,2,-0.1009270520880179,0.13173560673332652,0.030808554645308628,negative_largest_positive_total
1313,cyber_outage,34,8.5,2,2,-0.1009270520880179,0.13173560673332652,0.030808554645308628,negative_largest_positive_total
1313,cyber_outage,39,9.75,2,2,-0.1009270520880179,0.13173560673332652,0.030808554645308628,negative_largest_positive_total
1313,adaptive_pricing,8,2.0,2,2,-0.09681657953546946,0.1140271456219023,0.017210566086432844,negative_largest_positive_total
1313,adaptive_pricing,14,3.5,2,2,-0.09681657953546946,0.1140271456219023,0.017210566086432844,negative_largest_positive_total
1313,adaptive_pricing,15,3.75,2,2,-0.09681657953546946,0.1140271456219023,0.017210566086432844,negative_largest_positive_total
1313,adaptive_pricing,22,5.5,2,2,-0.09681657953546946,0.1140271456219023,0.017210566086432844,negative_largest_positive_total
1313,adaptive_pricing,26,6.5,2,2,-0.09681657953546946,0.1140271456219023,0.017210566086432844,negative_largest_positive_total
1313,adaptive_pricing,36,9.0,2,2,-0.09681657953546946,0.1140271456219023,0.017210566086432844,negative_largest_positive_total
1313,adaptive_pricing,45,11.25,2,2,-0.09681657953546946,0.1140271456219023,0.017210566086432844,negative_largest_positive_total
1337,heatwave,7,1.75,2,2,-0.11581455924656409,0.12067781262227888,0.0048632533757147905,negative_largest_positive_total
1337,heatwave,8,2.0,2,2,-0.11581455924656409,0.12067781262227888,0.0048632533757147905,negative_largest_positive_total
1337,heatwave,14,3.5,2,2,-0.11581455924656409,0.12067781262227888,0.0048632533757147905,negative_largest_positive_total
1337,heatwave,42,10.5,2,2,-0.11581455924656409,0.12067781262227888,0.0048632533757147905,negative_largest_positive_total
1337,overproduction,17,4.25,2,2,-0.08255229322654688,0.10930007200881581,0.026747778782268923,negative_largest_positive_total
1337,overproduction,35,8.75,2,2,-0.08255229322654688,0.10930007200881581,0.026747778782268923,negative_largest_positive_total
1337,cyber_outage,25,6.25,2,2,-0.08913195065158765,0.11533904901578963,0.026207098364201986,negative_largest_positive_total
1337,adaptive_pricing,3,0.75,2,2,-0.07525725937278128,0.12600061250332223,0.05074335313054094,negative_largest_positive_total
1337,adaptive_pricing,33,8.25,2,2,-0.07525725937278128,0.12600061250332223,0.05074335313054094,negative_largest_positive_total
1337,adaptive_pricing,69,17.25,2,2,-0.07525725937278128,0.08820042875232556,0.012943169379544272,negative_largest_positive_total
1337,baseline,57,14.25,2,2,-0.06805033811278567,0.08604243203774298,0.0179920939249573,negative_largest_positive_total
1414,heatwave,148,37.0,2,2,-0.14991989707858297,0.16322004358636033,0.01330014650777736,negative_largest_positive_total
1414,heatwave,188,47.0,2,2,-0.14991989707858297,0.16322004358636033,0.01330014650777736,negative_largest_positive_total
1414,heatwave,204,51.0,2,2,-0.14991989707858297,0.18892789311346225,0.03900799603487928,negative_largest_positive_total
1414,overproduction,17,4.25,2,2,-0.0895860228122641,0.10945190437272992,0.019865881560465815,negative_largest_positive_total
1414,overproduction,27,6.75,2,2,-0.0895860228122641,0.10945190437272992,0.019865881560465815,negative_largest_positive_total
1414,cyber_outage,20,5.0,2,2,-0.10624306461074508,0.10903103084030659,0.0027879662295615115,negative_largest_positive_total
1414,cyber_outage,21,5.25,2,2,-0.10624306461074508,0.10903103084030659,0.0027879662295615115,negative_largest_positive_total
1414,cyber_outage,26,6.5,2,2,-0.10624306461074508,0.10903103084030659,0.0027879662295615115,negative_largest_positive_total
1414,adaptive_pricing,20,5.0,2,2,-0.0794680635208653,0.12825271341638877,0.048784649895523474,negative_largest_positive_total
1414,adaptive_pricing,25,6.25,2,2,-0.0794680635208653,0.12825271341638877,0.048784649895523474,negative_largest_positive_total
1414,adaptive_pricing,30,7.5,2,2,-0.0794680635208653,0.12825271341638877,0.048784649895523474,negative_largest_positive_total
1414,adaptive_pricing,32,8.0,2,2,-0.0794680635208653,0.12825271341638877,0.048784649895523474,negative_largest_positive_total
1414,adaptive_pricing,36,9.0,2,2,-0.0794680635208653,0.12825271341638877,0.048784649895523474,negative_largest_positive_total
1414,adaptive_pricing,44,11.0,2,2,-0.0794680635208653,0.12825271341638877,0.048784649895523474,negative_largest_positive_total
1414,adaptive_pricing,54,13.5,2,2,-0.0794680635208653,0.08977689939147214,0.010308835870606839,negative_largest_positive_total
1414,baseline,1,0.25,2,2,-0.09415095790720943,0.10462562407950013,0.01047466617229071,negative_largest_positive_total
1414,baseline,2,0.5,2,2,-0.09415095790720943,0.10462562407950013,0.01047466617229071,negative_largest_positive_total
1414,baseline,21,5.25,2,2,-0.09415095790720943,0.10462562407950013,0.01047466617229071,negative_largest_positive_total
1414,baseline,41,10.25,2,2,-0.09415095790720943,0.10462562407950013,0.01047466617229071,negative_largest_positive_total
1414,baseline,152,38.0,2,2,-0.09415095790720943,0.10462562407950013,0.01047466617229071,negative_largest_positive_total
1414,baseline,153,38.25,2,2,-0.09415095790720943,0.10462562407950013,0.01047466617229071,negative_largest_positive_total
1414,baseline,156,39.0,2,2,-0.09415095790720943,0.10462562407950013,0.01047466617229071,negative_largest_positive_total
1414,baseline,193,48.25,2,2,-0.09415095790720943,0.10462562407950013,0.01047466617229071,negative_largest_positive_total
1414,baseline,194,48.5,2,2,-0.09415095790720943,0.10462562407950013,0.01047466617229071,negative_largest_positive_total
1515,heatwave,10,2.5,2,2,-0.0867277306907473,0.11397122328339568,0.02724349259264839,negative_largest_positive_total
1515,heatwave,28,7.0,2,2,-0.0867277306907473,0.11397122328339568,0.02724349259264839,negative_largest_positive_total
1515,heatwave,41,10.25,2,2,-0.0867277306907473,0.11397122328339568,0.02724349259264839,negative_largest_positive_total
1515,heatwave,45,11.25,2,2,-0.0867277306907473,0.11397122328339568,0.02724349259264839,negative_largest_positive_total
1515,heatwave,97,24.25,2,0,0.08790844292789593,-0.09227813196858604,-0.004369689040690121,positive_largest_negative_total
1515,heatwave,106,26.5,2,0,0.08790844292789593,-0.09227813196858604,-0.004369689040690121,positive_largest_negative_total
1515,heatwave,110,27.5,2,0,0.08790844292789593,-0.09227813196858604,-0.004369689040690121,positive_largest_negative_total
1515,heatwave,111,27.75,2,0,0.08790844292789593,-0.10435155531699368,-0.01644311238909775,positive_largest_negative_total
1515,overproduction,1,0.25,2,2,-0.09352746014405376,0.11073553245588416,0.0172080723118304,negative_largest_positive_total
1515,overproduction,6,1.5,2,2,-0.09352746014405376,0.11073553245588416,0.0172080723118304,negative_largest_positive_total
1515,baseline,174,43.5,2,2,-0.07557041678907235,0.11006236996352575,0.034491953174453395,negative_largest_positive_total
1515,baseline,185,46.25,2,2,-0.07557041678907235,0.11006236996352575,0.034491953174453395,negative_largest_positive_total
2024,overproduction,141,35.25,2,0,0.12609715633057167,-0.13398104535276417,-0.007883889022192503,positive_largest_negative_total
2024,cyber_outage,9,2.25,2,2,-0.09220250997645274,0.12997440328555304,0.0377718933091003,negative_largest_positive_total
2024,cyber_outage,43,10.75,2,2,-0.09220250997645274,0.12997440328555304,0.0377718933091003,negative_largest_positive_total
2024,cyber_outage,47,11.75,2,2,-0.09220250997645274,0.12997440328555304,0.0377718933091003,negative_largest_positive_total
2024,adaptive_pricing,0,0.0,2,2,-0.07847912268107424,0.12231801770948797,0.043838895028413725,negative_largest_positive_total
2024,adaptive_pricing,6,1.5,2,2,-0.07847912268107424,0.12231801770948797,0.043838895028413725,negative_largest_positive_total
2024,adaptive_pricing,8,2.0,2,2,-0.07847912268107424,0.12231801770948797,0.043838895028413725,negative_largest_positive_total
2024,adaptive_pricing,11,2.75,2,2,-0.07847912268107424,0.12231801770948797,0.043838895028413725,negative_largest_positive_total
2024,adaptive_pricing,27,6.75,2,2,-0.07847912268107424,0.12231801770948797,0.043838895028413725,negative_largest_positive_total
2024,adaptive_pricing,34,8.5,2,2,-0.07847912268107424,0.12231801770948797,0.043838895028413725,negative_largest_positive_total
2024,adaptive_pricing,36,9.0,2,2,-0.07847912268107424,0.12231801770948797,0.043838895028413725,negative_largest_positive_total
2024,adaptive_pricing,44,11.0,2,2,-0.07847912268107424,0.12231801770948797,0.043838895028413725,negative_largest_positive_total
2024,adaptive_pricing,46,11.5,2,2,-0.07847912268107424,0.12231801770948797,0.043838895028413725,negative_largest_positive_total
2024,adaptive_pricing,70,17.5,2,2,-0.07847912268107424,0.08562261239664157,0.007143489715567334,negative_largest_positive_total
2024,baseline,9,2.25,2,2,-0.08603403026069498,0.10225448705516436,0.016220456794469387,negative_largest_positive_total
2024,baseline,35,8.75,2,2,-0.08603403026069498,0.10225448705516436,0.016220456794469387,negative_largest_positive_total
2024,baseline,36,9.0,2,2,-0.08603403026069498,0.10225448705516436,0.016220456794469387,negative_largest_positive_total
2024,baseline,178,44.5,2,2,-0.08603403026069498,0.10225448705516436,0.016220456794469387,negative_largest_positive_total
