seed,scenario,agribrain,without_context,gain
7,heatwave,0.5436683757511311,0.528862026102605,0.014806349648526118
42,heatwave,0.5644298707520753,0.5437027913374524,0.02072707941462293
99,heatwave,0.5550135121913087,0.5268798915770518,0.028133620614256838
101,heatwave,0.5965983610478675,0.5756860867240001,0.02091227432386733
202,heatwave,0.5353613684934703,0.5113365176409594,0.024024850852510826
303,heatwave,0.565000053176496,0.5414099359230161,0.023590117253479925
404,heatwave,0.5680044962854055,0.5415831113840954,0.026421384901310074
505,heatwave,0.5062093207455458,0.4884257670420546,0.017783553703491217
606,heatwave,0.5735255490447995,0.552265324505616,0.021260224539183414
707,heatwave,0.5609402434348116,0.5405581945983814,0.020382048836430244
808,heatwave,0.5460054086015654,0.5267210156271,0.01928439297446538
909,heatwave,0.4773480753255613,0.46006245441403176,0.01728562091152952
1010,heatwave,0.5699226847016209,0.548159039488255,0.021763645213365934
1111,heatwave,0.5215032218791692,0.5023459688681157,0.019157253011053532
1212,heatwave,0.5672846731179138,0.5499504687344015,0.017334204383512297
1313,heatwave,0.5658080654085169,0.5376637116092382,0.02814435379927871
1337,heatwave,0.5475155923554104,0.5255062268976717,0.022009365457738683
1414,heatwave,0.5354538540674358,0.5197604176685604,0.015693436398875438
1515,heatwave,0.5422075968059329,0.5202461144992122,0.02196148230672068
2024,heatwave,0.513236674844794,0.4839748846588401,0.029261790185953873
7,overproduction,0.5631612360542452,0.5446254912680701,0.018535744786175035
42,overproduction,0.579489622124113,0.5602838102850631,0.019205811839049902
99,overproduction,0.5335314819289816,0.5122632171887115,0.021268264740270104
101,overproduction,0.5620896897404966,0.5464675286128559,0.015622161127640699
202,overproduction,0.5680923050907898,0.5471255891182973,0.020966715972492445
303,overproduction,0.5694434293868423,0.5477967880241548,0.02164664136268757
404,overproduction,0.5656290678665223,0.5367598486285042,0.028869219238018107
505,overproduction,0.5702096330638421,0.5487788300583698,0.021430803005472288
606,overproduction,0.5474159034750402,0.5238380524212316,0.023577851053808607
707,overproduction,0.588969212369585,0.5537631691368802,0.03520604323270482
808,overproduction,0.5556830469025248,0.5428608393409023,0.012822207561622445
909,overproduction,0.5719789326270449,0.5610431786976717,0.010935753929373182
1010,overproduction,0.5729435927207143,0.5523486449672076,0.020594947753506676
1111,overproduction,0.5649358260744825,0.5359105209185386,0.029025305155943815
1212,overproduction,0.5441718601844836,0.5253776796474335,0.018794180537050065
1313,overproduction,0.5543967775301163,0.529045658771735,0.025351118758381253
1337,overproduction,0.5617292404370278,0.5422750838101889,0.019454156626838914
1414,overproduction,0.5698493861453168,0.5547783236438497,0.015071062501467059
1515,overproduction,0.5715613194172717,0.5486473983883685,0.022913921028903217
2024,overproduction,0.5545562883733365,0.5253545338589445,0.029201754514391998
7,cyber_outage,0.6285033005943141,0.6114234999647339,0.017079800629580255
42,cyber_outage,0.604828229913983,0.5837319020632467,0.02109632785073634
99,cyber_outage,0.6098283693841603,0.5878659320788784,0.021962437305281912
101,cyber_outage,0.5785238491578202,0.5642714992686524,0.014252349889167792
202,cyber_outage,0.5816984276561309,0.5569429832590397,0.02475544439709121
303,cyber_outage,0.610537333963058,0.5888653885633716,0.02167194539968642
404,cyber_outage,0.625722989041157,0.597201532796146,0.028521456245011012
505,cyber_outage,0.5856127514148066,0.5662765179445137,0.019336233470292896
606,cyber_outage,0.6097598371103492,0.5873129275910134,0.02244690951933581
707,cyber_outage,0.5834278826759797,0.5610241328984357,0.022403749777544002
808,cyber_outage,0.6090148206649444,0.5929410300058743,0.01607379065907011
909,cyber_outage,0.5997272197233685,0.5794750261411242,0.020252193582244282
1010,cyber_outage,0.6183419379231967,0.6017900770711551,0.016551860852041633
1111,cyber_outage,0.6022077049707335,0.5797314447492135,0.02247626022152005
1212,cyber_outage,0.5833296068800475,0.5697922317407258,0.013537375139321739
1313,cyber_outage,0.5771153198116117,0.5569737962664001,0.020141523545211593
1337,cyber_outage,0.6225031860490997,0.6019580501323006,0.020545135916799073
1414,cyber_outage,0.5911031062102193,0.5706777019245267,0.020425404285692617
1515,cyber_outage,0.6056845115124747,0.5832338856799654,0.02245062583250934
2024,cyber_outage,0.6341441326696687,0.6121949029832453,0.021949229686423433
7,adaptive_pricing,0.6466148813492404,0.6274923094376584,0.019122571911581954
42,adaptive_pricing,0.6395811484337633,0.6106952157731589,0.028885932660604463
99,adaptive_pricing,0.6634356504604952,0.6291671510504183,0.034268499410076925
101,adaptive_pricing,0.6508798498831299,0.6277716008546653,0.023108249028464534
202,adaptive_pricing,0.6550235347815128,0.6246386426926988,0.03038489208881401
303,adaptive_pricing,0.6495239722567122,0.6195657870568011,0.029958185199911114
404,adaptive_pricing,0.6806607384001223,0.6495932913505482,0.031067447049574093
505,adaptive_pricing,0.6342442407489755,0.6058526517537426,0.028391588995232864
606,adaptive_pricing,0.6644409571322569,0.6328586803468226,0.03158227678543435
707,adaptive_pricing,0.6423536755770454,0.6124209195087332,0.02993275606831214
808,adaptive_pricing,0.6362126135174185,0.6156021409219478,0.020610472595470775
909,adaptive_pricing,0.6883624449096765,0.6647359847022908,0.02362646020738568
1010,adaptive_pricing,0.6757619354124773,0.6458320258416319,0.029929909570845403
1111,adaptive_pricing,0.6698183844721789,0.638529123972362,0.03128926049981695
1212,adaptive_pricing,0.6530348374089182,0.62662491724165,0.026409920167268175
1313,adaptive_pricing,0.6565394582641912,0.6412786627615645,0.015260795502626712
1337,adaptive_pricing,0.6651700036447795,0.639390794696768,0.025779208948011556
1414,adaptive_pricing,0.6834104443523779,0.6610660644453926,0.022344379906985234
1515,adaptive_pricing,0.6545291640336767,0.6263649655666442,0.028164198467032442
2024,adaptive_pricing,0.6205094375160388,0.5965300399226715,0.023979397593367313
7,baseline,0.6655990513357476,0.6384730467464497,0.027126004589297925
42,baseline,0.6712564820588214,0.6463656335955323,0.02489084846328904
99,baseline,0.6753368309825812,0.6443154207485448,0.031021410234036484
101,baseline,0.6948189397763406,0.6662877016902801,0.028531238086060506
202,baseline,0.6803384907984198,0.6471711877924722,0.03316730300594761
303,baseline,0.6952351993001116,0.6651000553083709,0.030135143991740665
404,baseline,0.6816557946381518,0.6516120148019249,0.03004377983622697
505,baseline,0.6597410924458889,0.6296055148172182,0.030135577628670696
606,baseline,0.6957840221275453,0.6619420083143912,0.033842013813154104
707,baseline,0.672445652624858,0.6406400204404452,0.03180563218441279
808,baseline,0.6993260164201311,0.6705863432747402,0.028739673145390943
909,baseline,0.6831690143138343,0.6699564240950245,0.013212590218809717
1010,baseline,0.685497757144459,0.6650897242237614,0.020408032920697594
1111,baseline,0.6837062707343493,0.6511036430974235,0.032602627636925785
1212,baseline,0.684230926216637,0.6496459221896652,0.03458500402697173
1313,baseline,0.6755434686068514,0.6388328382742691,0.03671063033258237
1337,baseline,0.666909954492839,0.6431839294319995,0.02372602506083943
1414,baseline,0.7092554770327826,0.6838230812924495,0.02543239574033307
1515,baseline,0.6989672104084175,0.6656621047497986,0.03330510565861888
2024,baseline,0.6852422262233038,0.6536880762561683,0.03155414996713546
