figure,scenario,series,metric,mean,low,high,n,sd,ci_method,relative_percent
2/3,heatwave,static,ari,0.4013671880118978,0.3911186015651143,0.40885842896180524,20,0.020094681140281918,BCa,
2/3,heatwave,static,waste,0.11252102337265742,0.11029187588023119,0.11494167526692671,20,0.005545319561132947,BCa,
2/3,heatwave,static,carbon,4879.662594478364,4845.992299937244,4910.939892929391,20,75.8301469491278,BCa,
2/3,heatwave,static,slca,0.5359714835075945,0.5352954608483556,0.536648748783019,20,0.001593581756279149,BCa,
2/3,heatwave,static,equity,0.500556931041204,0.4998696785120298,0.501343399475971,20,0.001751210227284596,BCa,
2/3,heatwave,static,rle,0.0,0.0,0.0,20,0.0,deterministic,
2/3,heatwave,static,mean_decision_latency_ms,1.4257529414155417,1.422472481782186,1.428528989673068,20,0.007132792741959373,BCa,
2/3,heatwave,no_context,ari,0.526254997465033,0.5134436455542657,0.5362878409337297,20,0.026897061361135392,BCa,
2/3,heatwave,no_context,waste,0.07334638989904972,0.07173388289894052,0.07492570443191979,20,0.003774947538474686,BCa,
2/3,heatwave,no_context,carbon,2580.336704503911,2530.1885496961418,2639.3190783179775,20,128.24528104559386,BCa,
2/3,heatwave,no_context,slca,0.6819473810540438,0.6781856802455744,0.6852105371984737,20,0.008169268518011018,BCa,
2/3,heatwave,no_context,equity,0.6221120443762412,0.6185029019638731,0.6255446663088683,20,0.00837484624082766,BCa,
2/3,heatwave,no_context,rle,0.8439167945750599,0.7877650463660203,0.8675965343279006,20,0.08056137201044002,BCa,
2/3,heatwave,no_context,mean_decision_latency_ms,1.599949640351244,1.5962234168413199,1.6031548220366834,20,0.008068360326265131,BCa,
2/3,heatwave,agribrain,ari,0.5477518499015416,0.534384948081136,0.5584177599681399,20,0.027510673885471026,BCa,
2/3,heatwave,agribrain,waste,0.06866540439282762,0.0670337780801034,0.07018983044661005,20,0.00370540298885499,BCa,
2/3,heatwave,agribrain,carbon,2264.1781651191295,2226.442033390137,2307.967694219089,20,95.1866481967944,BCa,
2/3,heatwave,agribrain,slca,0.70393020131159,0.7012391947242016,0.7064418407988396,20,0.006170147820713867,BCa,
2/3,heatwave,agribrain,equity,0.645724300159456,0.6426783570446198,0.6483752306109525,20,0.006690436514923025,BCa,
2/3,heatwave,agribrain,rle,0.8899104509093464,0.8038669619266579,0.91799416513682,20,0.10522814322080463,BCa,
2/3,heatwave,agribrain,mean_decision_latency_ms,12.214659656941269,12.152418420734403,12.279692564278232,20,0.1476337902815203,BCa,
2,heatwave,paired_gain,ari,0.02149685243650865,0.019850575228430284,0.023395044050515797,20,,,4.084873785533394
2/3,overproduction,static,ari,0.40881941006491773,0.40291839693497133,0.41442373959992285,20,0.013436379985885708,BCa,
2/3,overproduction,static,waste,0.12443534460483027,0.11951325281680504,0.1270916424602152,20,0.008184825054870407,BCa,
2/3,overproduction,static,carbon,4653.487874643553,4630.107199200263,4676.920360695824,20,55.073172384181824,BCa,
2/3,overproduction,static,slca,0.5157586928485873,0.5152938858197738,0.5162298382273662,20,0.0010982422729973284,BCa,
2/3,overproduction,static,equity,0.48665038208571376,0.4859372794835297,0.48732777818531137,20,0.0016258473243138019,BCa,
2/3,overproduction,static,rle,0.0,0.0,0.0,20,0.0,deterministic,
2/3,overproduction,static,mean_decision_latency_ms,1.4916174062010312,1.4868731179405112,1.4955852144718178,20,0.010106145560834029,BCa,
2/3,overproduction,no_context,ari,0.5419672093393489,0.5356663060984457,0.5469941023307132,20,0.01314537377387708,BCa,
2/3,overproduction,no_context,waste,0.0856032547515659,0.08317593484114116,0.08717752314547,20,0.004531326456039379,BCa,
2/3,overproduction,no_context,carbon,2435.567822939623,2374.9880001328575,2510.4896010803895,20,157.53107285578164,BCa,
2/3,overproduction,no_context,slca,0.6575185872667436,0.6523910464308958,0.6616143501635376,20,0.010640938955655549,BCa,
2/3,overproduction,no_context,equity,0.601849794716365,0.596273135589526,0.606199180455793,20,0.011372195138353806,BCa,
2/3,overproduction,no_context,rle,0.8390822925359283,0.8146667691664368,0.8612395016408706,20,0.05468865760874859,BCa,
2/3,overproduction,no_context,mean_decision_latency_ms,1.536232410904227,1.506032283353036,1.5713481323342888,20,0.07645924218005465,BCa,
2/3,overproduction,agribrain,ari,0.5634918925756389,0.5576880089760503,0.5684835782958759,20,0.012645652595012538,BCa,
2/3,overproduction,agribrain,waste,0.08053778479503407,0.07800635354323412,0.08195690490169609,20,0.004344102682795485,BCa,
2/3,overproduction,agribrain,carbon,2113.518113542265,2071.115833160257,2157.4886493124845,20,101.62186500873264,BCa,
2/3,overproduction,agribrain,slca,0.6790361347016562,0.6759585757896606,0.682003307404361,20,0.0069677828580795385,BCa,
2/3,overproduction,agribrain,equity,0.6263049945459095,0.622329020725328,0.6299379902968694,20,0.008943518263603723,BCa,
2/3,overproduction,agribrain,rle,0.901639860699864,0.8812995760975386,0.9183081633816866,20,0.043255167536319646,BCa,
2/3,overproduction,agribrain,mean_decision_latency_ms,13.563377623278132,13.524033479522934,13.605958154880646,20,0.09681928065904594,BCa,
2,overproduction,paired_gain,ari,0.02152468323628991,0.019170330993918006,0.02422312364699751,20,,,3.9715840488815344
2/3,cyber_outage,static,ari,0.4457630455495131,0.4392871419820942,0.4526491387610195,20,0.015810198194756202,BCa,
2/3,cyber_outage,static,waste,0.1132557706329755,0.10746183995969985,0.1177787887867821,20,0.01181365875738104,BCa,
2/3,cyber_outage,static,carbon,4691.821494645703,4661.267635971461,4718.892348754343,20,67.02216882598032,BCa,
2/3,cyber_outage,static,slca,0.5496522593269008,0.5480121242664746,0.5515309231243388,20,0.004205700458864356,BCa,
2/3,cyber_outage,static,equity,0.5249606180190914,0.5234636595948824,0.5267142976075363,20,0.0038032753867632925,BCa,
2/3,cyber_outage,static,rle,0.0,0.0,0.0,20,0.0,deterministic,
2/3,cyber_outage,static,mean_decision_latency_ms,1.6254072763129244,1.5247206179769448,1.7887444271435071,20,0.2787645009118922,BCa,
2/3,cyber_outage,no_context,ari,0.5826842231561281,0.5755388337611334,0.5902991210041595,20,0.017118153311860423,BCa,
2/3,cyber_outage,no_context,waste,0.07495823262599177,0.07120057670473184,0.07777268138700667,20,0.00747913218417867,BCa,
2/3,cyber_outage,no_context,carbon,2570.271379118899,2506.7727367375155,2625.500956270844,20,137.59596839298655,BCa,
2/3,cyber_outage,no_context,slca,0.6932695804278309,0.6890739573275828,0.6970687540960177,20,0.009233399244588016,BCa,
2/3,cyber_outage,no_context,equity,0.6364900195725747,0.632089575168572,0.6409748133282832,20,0.010492363652981316,BCa,
2/3,cyber_outage,no_context,rle,0.849713815110713,0.8356277518489885,0.8644248559529562,20,0.03344989877764991,BCa,
2/3,cyber_outage,no_context,mean_decision_latency_ms,1.550398383470666,1.5172172557093213,1.5908646083659526,20,0.08478315203732688,BCa,
2/3,cyber_outage,agribrain,ari,0.6030807258663562,0.5955564466267862,0.6108731320115697,20,0.017616123236698974,BCa,
2/3,cyber_outage,agribrain,waste,0.07101379015726446,0.06740611368397097,0.0737144670007111,20,0.007245632704751972,BCa,
2/3,cyber_outage,agribrain,carbon,2301.4390557965066,2248.226875921312,2350.2572466391475,20,119.67132922653776,BCa,
2/3,cyber_outage,agribrain,slca,0.71329878074758,0.7095565315127809,0.7166967636584477,20,0.00817869607320405,BCa,
2/3,cyber_outage,agribrain,equity,0.6578320695624458,0.6536626946114001,0.6622937702664411,20,0.010198931458561072,BCa,
2/3,cyber_outage,agribrain,rle,0.8913997903549988,0.8813899013778284,0.9013495963653989,20,0.023427095000150253,BCa,
2/3,cyber_outage,agribrain,mean_decision_latency_ms,9.485355732289868,9.451286990983217,9.554558173587552,20,0.10942730612632803,BCa,
2,cyber_outage,paired_gain,ari,0.020396502710228075,0.018915976601398682,0.021944428245844524,20,,,3.500438470729439
2/3,adaptive_pricing,static,ari,0.5009169780365419,0.49377057193302454,0.5070892283341263,20,0.015394948150071811,BCa,
2/3,adaptive_pricing,static,waste,0.08465419934814576,0.07896228917290889,0.09122591246210329,20,0.014306816587593668,BCa,
2/3,adaptive_pricing,static,carbon,4319.875633693195,4295.731212878884,4344.003547416712,20,57.414555754237455,BCa,
2/3,adaptive_pricing,static,slca,0.5853931412494717,0.5848975021359771,0.5858959038569338,20,0.001197182848444716,BCa,
2/3,adaptive_pricing,static,equity,0.5718089047897592,0.5711816401111584,0.5724453745657923,20,0.0014802307718187022,BCa,
2/3,adaptive_pricing,static,rle,0.0,0.0,0.0,20,0.0,deterministic,
2/3,adaptive_pricing,static,mean_decision_latency_ms,1.6485764696780176,1.5306880719418134,1.8433309181754287,20,0.3259672902993997,BCa,
2/3,adaptive_pricing,no_context,ari,0.6298005484949085,0.6224768198600288,0.6374676262081963,20,0.0175742874979435,BCa,
2/3,adaptive_pricing,no_context,waste,0.06057411956935203,0.05670724015664216,0.06513007052142845,20,0.009838595064294796,BCa,
2/3,adaptive_pricing,no_context,carbon,2620.6155368197574,2559.301026590052,2677.872358566204,20,138.3312651188624,BCa,
2/3,adaptive_pricing,no_context,slca,0.7170443255453787,0.7123948875315976,0.7222019335157077,20,0.011394923518700634,BCa,
2/3,adaptive_pricing,no_context,equity,0.6494269724649175,0.6445102030654648,0.6554571325792647,20,0.012612168298690959,BCa,
2/3,adaptive_pricing,no_context,rle,0.7226537551540252,0.6870251077744354,0.7614552130059038,20,0.08560838268296996,BCa,
2/3,adaptive_pricing,no_context,mean_decision_latency_ms,1.5606806564998503,1.5206016044644894,1.609097907686913,20,0.09981720120611089,BCa,
2/3,adaptive_pricing,agribrain,ari,0.6565053686277494,0.6492171009501866,0.6643844017674105,20,0.017685087102759022,BCa,
2/3,adaptive_pricing,agribrain,waste,0.05584921153052432,0.05213138247502366,0.059992720684758846,20,0.009257976069501076,BCa,
2/3,adaptive_pricing,agribrain,carbon,2278.3733126617685,2232.8373184921525,2323.118931256054,20,106.63734692693083,BCa,
2/3,adaptive_pricing,agribrain,slca,0.7434685040987941,0.7397520367187562,0.7472839780845058,20,0.008941572318667348,BCa,
2/3,adaptive_pricing,agribrain,equity,0.6812404059023559,0.6764730893698339,0.6867403691648213,20,0.011956377267274887,BCa,
2/3,adaptive_pricing,agribrain,rle,0.7917800557718986,0.7656082762662291,0.8198862796630757,20,0.06393242602143269,BCa,
2/3,adaptive_pricing,agribrain,mean_decision_latency_ms,11.984579036814264,11.935879771538893,12.039186700872497,20,0.12246987400317834,BCa,
2,adaptive_pricing,paired_gain,ari,0.026704820132840833,0.02445935680570193,0.02865082897331189,20,,,4.240202743020763
2/3,baseline,static,ari,0.5230426202207793,0.5179339686271034,0.5277599430768357,20,0.0114805429791599,BCa,
2/3,baseline,static,waste,0.07381674870052297,0.0694212463072261,0.0781921307810929,20,0.010373463237085464,BCa,
2/3,baseline,static,carbon,4198.320954093083,4168.636115615872,4228.224160788905,20,70.08126537747182,BCa,
2/3,baseline,static,slca,0.5976871637917512,0.5970559766881872,0.5982786220421009,20,0.0014287345940373426,BCa,
2/3,baseline,static,equity,0.5844152704525565,0.5836855103672867,0.5850938512306345,20,0.0016811997196212224,BCa,
2/3,baseline,static,rle,0.0,0.0,0.0,20,0.0,deterministic,
2/3,baseline,static,mean_decision_latency_ms,1.4900254958774894,1.4865765058158156,1.4942164582041553,20,0.008889809539972508,BCa,
2/3,baseline,no_context,ari,0.6541542345570466,0.6486649779746881,0.6604713203660475,20,0.013781119877599127,BCa,
2/3,baseline,no_context,waste,0.05293310621735976,0.049968208448633845,0.05571884232493706,20,0.006758457774092514,BCa,
2/3,baseline,no_context,carbon,2548.818759192552,2459.314086536425,2614.4508786427646,20,175.33468805224842,BCa,
2/3,baseline,no_context,slca,0.7308003021561221,0.7259428481463992,0.7377434318149314,20,0.013645390214477407,BCa,
2/3,baseline,no_context,equity,0.6610883107397523,0.6555963256390587,0.669997229719854,20,0.01592392110334252,BCa,
2/3,baseline,no_context,rle,0.5530307445533892,0.3838639644652159,0.6734429217872816,20,0.3357909149717567,BCa,
2/3,baseline,no_context,mean_decision_latency_ms,1.588251545197434,1.5439004538673822,1.6440090053982226,20,0.11085885910719936,BCa,
2/3,baseline,agribrain,ari,0.6832029938841035,0.6778281614278068,0.6887101149408349,20,0.012878628806513364,BCa,
2/3,baseline,agribrain,waste,0.04846360736381757,0.04572473368042201,0.05114975055507923,20,0.00639081977224577,BCa,
2/3,baseline,agribrain,carbon,2185.6641945504625,2126.6941452775754,2237.8948787415015,20,130.2271344436636,BCa,
2/3,baseline,agribrain,slca,0.7595491976755826,0.7554699083690958,0.764148997048096,20,0.010093334750719806,BCa,
2/3,baseline,agribrain,equity,0.6962067144909044,0.690626732140897,0.7027803765350277,20,0.01418044787525053,BCa,
2/3,baseline,agribrain,rle,0.6028558512985653,0.4123874621226629,0.7343578060937694,20,0.36324279265555476,BCa,
2/3,baseline,agribrain,mean_decision_latency_ms,11.872109323545981,11.80216517731581,11.942707846327531,20,0.16348960575092641,BCa,
2,baseline,paired_gain,ari,0.02904875932705709,0.026009133702182528,0.03093874359983001,20,,,4.4406590666996175
4,heatwave,different_executed_actions,percent,12.760416666666668,11.822916666666668,13.75,20,2.227227892023725,BCa,
4,overproduction,different_executed_actions,percent,12.586805555555557,11.197916666666666,13.993055555555554,20,3.2860834747197933,BCa,
4,cyber_outage,different_executed_actions,percent,10.885416666666668,10.069444444444446,11.649305555555557,20,1.8554557251133077,BCa,
4,adaptive_pricing,different_executed_actions,percent,13.628472222222223,12.534722222222223,14.583333333333334,20,2.373427949160676,BCa,
4,baseline,different_executed_actions,percent,14.930555555555554,13.385416666666668,15.920138888888891,20,2.829830279134591,BCa,
6,heatwave,fixed_state_action_changes,percent,13.246527777777777,12.274305555555554,14.333209799546706,20,2.422121435983294,BCa,
7,heatwave,directional_agreement,percent,99.16666666666666,98.69791666666666,99.47916666666667,20,0.9110339968792517,BCa,
6,overproduction,fixed_state_action_changes,percent,12.881944444444446,11.440972222222221,14.35763888888889,20,3.4204844238728986,BCa,
7,overproduction,directional_agreement,percent,99.21875000000003,99.02777777777777,99.44444444444444,20,0.5022260995490225,BCa,
6,cyber_outage,fixed_state_action_changes,percent,11.09375,10.277777777777779,11.89236111111111,20,1.900061957156434,BCa,
7,cyber_outage,directional_agreement,percent,99.42708333333333,99.16666666666666,99.61805555555557,20,0.5196135814637507,BCa,
6,adaptive_pricing,fixed_state_action_changes,percent,13.958333333333334,12.79513888888889,14.947916666666666,20,2.512961849682504,BCa,
7,adaptive_pricing,directional_agreement,percent,99.01041666666666,98.50694444444444,99.32291666666667,20,0.9240012586698103,BCa,
6,baseline,fixed_state_action_changes,percent,15.277777777777777,13.697916666666666,16.232638888888893,20,2.836549315769554,BCa,
7,baseline,directional_agreement,percent,98.64583333333334,98.14236111111111,99.07986111111111,20,1.1203245564392859,BCa,
