seed,scenario,mode,ari,waste,rle,slca,carbon,equity
101,heatwave,static,0.4313879914782572,0.10292002147001415,0.0,0.5356825641190215,4927.100054103223,0.5002798134800105
101,heatwave,no_context,0.5756860867240001,0.06524925074345166,0.8917903230939159,0.6918398650326157,2484.4978339719364,0.6287463469424175
101,heatwave,agribrain,0.5965983610478675,0.06116427813189561,0.9535613936269564,0.7129761850575824,2162.6186041050596,0.654435806048613
101,overproduction,static,0.40674261119320826,0.12675683221118514,0.0,0.5172586882645016,4553.136059002681,0.4863750598798885
101,overproduction,no_context,0.5464675286128559,0.0852261989723987,0.8961618987380883,0.6671371131194284,2232.4803531237126,0.6110604528839203
101,overproduction,agribrain,0.5620896897404966,0.08148657343136295,0.9467360379572076,0.6828259912736022,2013.7202213128728,0.6289899531703934
101,cyber_outage,static,0.418241759981427,0.13035198155906957,0.0,0.5478565755981184,4679.680189111783,0.5238106810751499
101,cyber_outage,no_context,0.5642714992686524,0.08352503122703007,0.8811948462704108,0.7058091285472609,2361.3247685506103,0.6507885220365731
101,cyber_outage,agribrain,0.5785238491578202,0.08037068502752838,0.9061603139087235,0.7196720953396996,2183.1863005381488,0.6647865748116895
101,adaptive_pricing,static,0.48777668661954693,0.09687941590585829,0.0,0.585386823369348,4305.657997827513,0.5710850998586914
101,adaptive_pricing,no_context,0.6277716008546653,0.06722891390670556,0.7451439673998785,0.7289206235940103,2449.646162631502,0.6624475735866867
101,adaptive_pricing,agribrain,0.6508798498831299,0.06227427380228476,0.8021408957424867,0.7514894284014684,2159.083439016537,0.6922850852759403
101,baseline,static,0.5206006024185924,0.07614747475445956,0.0,0.5976665920005318,4199.398373823197,0.5843596013266341
101,baseline,no_context,0.6662877016902801,0.05215891801317827,0.8880665445950794,0.7460027289601072,2352.8619795671084,0.6775732462744087
101,baseline,agribrain,0.6948189397763406,0.04766006893737043,0.938217428405262,0.774017488977045,2009.3897177814026,0.715780256030524
1010,heatwave,static,0.4120704704866258,0.11521136823839373,0.0,0.5353027668124546,4946.395529845519,0.4995572471118206
1010,heatwave,no_context,0.548159039488255,0.07377359719680496,0.9108582291161537,0.6881859625401423,2534.0215858423157,0.6267021242182476
1010,heatwave,agribrain,0.5699226847016209,0.0691581992147338,0.9431900564008526,0.7095185904180757,2227.5793296398983,0.6500853170493025
1010,overproduction,static,0.4156507062777163,0.12106869786948835,0.0,0.5177168010037558,4572.246394901084,0.48958208696976874
1010,overproduction,no_context,0.5523486449672076,0.08318657835450644,0.7989872329993895,0.660856483268022,2406.19680845401,0.6034365944315855
1010,overproduction,agribrain,0.5729435927207143,0.07821502691435994,0.8752643990286003,0.6815230927487763,2072.826063705084,0.6294559029380663
1010,cyber_outage,static,0.45848871796269225,0.10922288338247345,0.0,0.5560017512587285,4658.164647433106,0.5303005607517325
1010,cyber_outage,no_context,0.6017900770711551,0.07155542727493999,0.8311685899245219,0.704036275105981,2544.3456967264256,0.6430213185143334
1010,cyber_outage,agribrain,0.6183419379231967,0.06811485423279112,0.8892988319790998,0.7205526475689675,2297.186197454288,0.6631785673710712
1010,adaptive_pricing,static,0.5196300473143571,0.0682721730987641,0.0,0.5865770427021997,4270.519796320966,0.5733129615840551
1010,adaptive_pricing,no_context,0.6458320258416319,0.04963787178489383,0.6815649166804435,0.7142221642610764,2637.0537220780207,0.6458486746159467
1010,adaptive_pricing,agribrain,0.6757619354124773,0.04522643217332048,0.741668820090407,0.7435259322369376,2269.2546455898437,0.6804944332013495
1010,baseline,static,0.5252456816538829,0.07371877260734211,0.0,0.5999185057344536,4090.2347645084183,0.5866836354285558
1010,baseline,no_context,0.6650897242237614,0.05164520978895878,0.7425508692288931,0.7413126937910328,2386.655925319702,0.6716255272945785
1010,baseline,agribrain,0.685497757144459,0.04837027220806996,0.8046763577090124,0.7613607821583481,2147.8506739706963,0.6970440219147793
1111,heatwave,static,0.3850840668322478,0.11412985700911654,0.0,0.5370044639205838,4764.490184477479,0.5029971271232871
1111,heatwave,no_context,0.5023459688681157,0.07440523745334365,0.8213213346254303,0.6797707135512194,2545.766824287035,0.6228347415103298
1111,heatwave,agribrain,0.5215032218791692,0.06980144574360239,0.8999515233897167,0.7006171759290806,2242.306872608496,0.6460727299523715
1111,overproduction,static,0.4021126377537683,0.12686989064262288,0.0,0.515289783576776,4702.960247290499,0.4885305869006548
1111,overproduction,no_context,0.5359105209185386,0.08724071313917561,0.8378554860141619,0.6585900865694955,2474.3016913220235,0.6009782616388182
1111,overproduction,agribrain,0.5649358260744825,0.08026371709123263,0.9473425581973629,0.6881731502480138,2011.90620343059,0.6368736233753491
1111,cyber_outage,static,0.4497697640166305,0.11632486865273221,0.0,0.5569900048306899,4590.035465798974,0.5318085386379959
1111,cyber_outage,no_context,0.5797314447492135,0.07853911050310287,0.8353820908192494,0.6937994122516304,2588.9425905049284,0.6372413836162504
1111,cyber_outage,agribrain,0.6022077049707335,0.07426890084771536,0.858812923888406,0.7155354491884756,2316.1501544090547,0.6584017971611105
1111,adaptive_pricing,static,0.5086006436924201,0.07668864665435723,0.0,0.5843373398354704,4351.639911674199,0.5711341899251556
1111,adaptive_pricing,no_context,0.638529123972362,0.05483746457746167,0.7182942804838337,0.7164621435308833,2645.158165115508,0.6472473691988396
1111,adaptive_pricing,agribrain,0.6698183844721789,0.04989205902533596,0.7917236895024029,0.7473324891686902,2231.570156044896,0.6854988973212561
1111,baseline,static,0.5202409021843475,0.07510421164907918,0.0,0.5960939345542692,4277.458651707927,0.581589272271681
1111,baseline,no_context,0.6511036430974235,0.05394299203046651,0.8286784050700935,0.7290634322977596,2601.8663698493683,0.6584937688077419
1111,baseline,agribrain,0.6837062707343493,0.04886711482256143,0.8638454414483396,0.7613561911702168,2191.6282373245817,0.6981260974470138
1212,heatwave,static,0.41476171253545396,0.11258542924718659,0.0,0.5370458527645655,4803.616348368074,0.5027874810625879
1212,heatwave,no_context,0.5499504687344015,0.0718674605464697,0.8756201558811789,0.6875398421982301,2461.5693844716034,0.6293231800856218
1212,heatwave,agribrain,0.5672846731179138,0.06817544070944888,0.9253490398179872,0.7051620977424469,2224.666511250635,0.6473467658340356
1212,overproduction,static,0.38772209526086204,0.1349411018978499,0.0,0.5173906821486555,4600.695928676414,0.4893067455790097
1212,overproduction,no_context,0.5253776796474335,0.09100933113727708,0.8700239969441635,0.6686094342579278,2277.240187354807,0.6110221316881166
1212,overproduction,agribrain,0.5441718601844836,0.08570209555670077,0.9130948990503496,0.6874347835829476,1991.013356665555,0.6367564205936267
1212,cyber_outage,static,0.42804732993434746,0.12383684983321953,0.0,0.5459392826892152,4697.572798163256,0.522339723207723
1212,cyber_outage,no_context,0.5697922317407258,0.08000015561098289,0.8892700514956124,0.6972086380398941,2457.9691763516553,0.6399498449227056
1212,cyber_outage,agribrain,0.5833296068800475,0.07706896200203937,0.9158166855816946,0.7106055999983019,2273.0633696448135,0.6558490263741114
1212,adaptive_pricing,static,0.4847017022127913,0.09818649906855574,0.0,0.5835010310287922,4423.595565539378,0.569434477863388
1212,adaptive_pricing,no_context,0.62662491724165,0.06714670755814182,0.8153498852450829,0.7301008211347111,2488.4038004111303,0.6640481089384619
1212,adaptive_pricing,agribrain,0.6530348374089182,0.0619345660780547,0.8725969959147007,0.7559872002846554,2151.6690971528374,0.6992136654358518
1212,baseline,static,0.5174832048249036,0.08051360012414653,0.0,0.5997999748758551,4094.5005668731023,0.5870003899810711
1212,baseline,no_context,0.6496459221896652,0.057258319208497194,0.7703122499916304,0.734226155070163,2482.0832934646764,0.6635316738662891
1212,baseline,agribrain,0.684230926216637,0.05153056754162467,0.8231153237772397,0.7682185410115057,2048.4988152365486,0.7067738395724712
1313,heatwave,static,0.4182127227604688,0.10474294362479673,0.0,0.5340490973196563,4985.975807044662,0.4989436556843299
1313,heatwave,no_context,0.5376637116092382,0.07050316765055764,0.8033529565294318,0.6694134957349349,2824.9563861040806,0.6098670899368658
1313,heatwave,agribrain,0.5658080654085169,0.06500097753950271,0.8921250531204125,0.6982502258894727,2393.0696370761675,0.6397274380646925
1313,overproduction,static,0.4014670223466982,0.12826338720602037,0.0,0.5153940159138791,4667.077082639867,0.48739620731016436
1313,overproduction,no_context,0.529045658771735,0.08969427524312136,0.7571570923341246,0.6522593632531408,2539.543977278739,0.5966172911595337
1313,overproduction,agribrain,0.5543967775301163,0.08326964886099965,0.851757112542411,0.6778898479021068,2142.7047608397925,0.6253418416735456
1313,cyber_outage,static,0.4337197133745738,0.1209218754152702,0.0,0.5459252631812627,4794.814270580135,0.5215068283628639
1313,cyber_outage,no_context,0.5569737962664001,0.08238923253044786,0.8109948151399681,0.677544034776706,2797.265319816589,0.6229243287830888
1313,cyber_outage,agribrain,0.5771153198116117,0.07811377265100676,0.8655223128450523,0.6975578902353345,2528.4582795668,0.6422466108603778
1313,adaptive_pricing,static,0.5100783706769975,0.07687785460435305,0.0,0.5862359936406978,4260.375163802885,0.5725962907072149
1313,adaptive_pricing,no_context,0.6412786627615645,0.054754569609432785,0.638465312300912,0.7197987563093601,2547.7573623980143,0.6561614188194645
1313,adaptive_pricing,agribrain,0.6565394582641912,0.05219604092972026,0.6810395822854496,0.7347132288287426,2363.929141732959,0.6733740827117949
1313,baseline,static,0.5228303167990478,0.07548058578479673,0.0,0.5994785591277441,4109.701302847987,0.5867339224737786
1313,baseline,no_context,0.6388328382742691,0.05648277347355731,0.6582845218933268,0.7174922735521049,2661.1997645315723,0.6486299876638426
1313,baseline,agribrain,0.6755434686068514,0.05077845801032285,0.7497562764069713,0.7538742627477893,2202.6302514439376,0.6900922484160347
1337,heatwave,static,0.40111264080500864,0.1089829844814089,0.0,0.5355099333225397,4906.452975142338,0.4993183387062084
1337,heatwave,no_context,0.5255062268976717,0.07029315553234443,0.8635592006930369,0.68238280299786,2578.395106240584,0.6223864874668442
1337,heatwave,agribrain,0.5475155923554104,0.06600585675650586,0.9224941241049266,0.7050267245106553,2255.9741185487665,0.6457151745881774
1337,overproduction,static,0.4018361364320014,0.12741562127024586,0.0,0.5147746573005217,4731.919434046711,0.4870934690019938
1337,overproduction,no_context,0.5422750838101889,0.0858466899452547,0.8656383583450836,0.6651157429520166,2362.503736958696,0.6092006430403036
1337,overproduction,agribrain,0.5617292404370278,0.08117195591171852,0.9198666452566913,0.6844760935482217,2069.9130125562288,0.6328188024948816
1337,cyber_outage,static,0.46435879197394,0.09336348823462144,0.0,0.5471297687213443,4635.764333243785,0.5218179299193801
1337,cyber_outage,no_context,0.6019580501323006,0.0620999355828932,0.8437221733110858,0.68878086533171,2529.290756553589,0.6348731758557518
1337,cyber_outage,agribrain,0.6225031860490997,0.05880296340730509,0.9130286474721772,0.7090668008402928,2258.1126223528886,0.6563555866003142
1337,adaptive_pricing,static,0.5149129033719879,0.07081016525119462,0.0,0.5844627980977682,4356.611872498387,0.571494803013499
1337,adaptive_pricing,no_context,0.639390794696768,0.051667397043305766,0.7100031637243561,0.7106558211593417,2733.583718904128,0.6415947810998731
1337,adaptive_pricing,agribrain,0.6651700036447795,0.04780900821110155,0.7975013806157626,0.7361246270759505,2412.6641161422654,0.6695886862374963
1337,baseline,static,0.5178139830198295,0.07872389362335967,0.0,0.5979131785884538,4187.949226624101,0.5844158282001254
1337,baseline,no_context,0.6431839294319995,0.0574429864375777,0.7415175026327556,0.7260755953167112,2597.1021885860905,0.6563626368983599
1337,baseline,agribrain,0.666909954492839,0.05355756708421221,0.7779701943319849,0.7494641810647358,2303.1977892384266,0.682814041729804
1414,heatwave,static,0.38637546919851284,0.12370508697375403,0.0,0.5369355121119974,4851.659838076247,0.501449431130195
1414,heatwave,no_context,0.5197604176685604,0.07800204542001754,0.8777364396839961,0.6955822827442735,2394.844339085411,0.6371576606467949
1414,heatwave,agribrain,0.5354538540674358,0.07453240512937451,0.9105158233460596,0.7113030931958433,2177.285774521503,0.6530616532244348
1414,overproduction,static,0.41980619184886625,0.1212537725572355,0.0,0.5154690622416248,4651.300488353534,0.48526309063873574
1414,overproduction,no_context,0.5547783236438497,0.08379655027562039,0.8399116289504137,0.6559556817936817,2437.4679827521045,0.600797110374365
1414,overproduction,agribrain,0.5698493861453168,0.0800136043580722,0.878720813615877,0.6709315935901218,2213.0919200337366,0.6185742276265659
1414,cyber_outage,static,0.42625519664320993,0.12532190619007658,0.0,0.5459805744039101,4749.258508279797,0.5229456627218444
1414,cyber_outage,no_context,0.5706777019245267,0.07947816028737265,0.9076311406130005,0.7009505363885666,2431.156843024562,0.6511791549842038
1414,cyber_outage,agribrain,0.5911031062102193,0.07589742784226718,0.9136659029030645,0.7205429172461866,2169.8615994693387,0.6714345697218668
1414,adaptive_pricing,static,0.5208453870042857,0.0667540594854056,0.0,0.5861260530247646,4290.261813933372,0.5730570836562388
1414,adaptive_pricing,no_context,0.6610660644453926,0.046107445323164326,0.8776779311745462,0.7279088652241626,2471.464464769856,0.6627171677438296
1414,adaptive_pricing,agribrain,0.6834104443523779,0.0431435346286781,0.8776779311745462,0.7499740211836671,2193.6133541349577,0.6907609950436767
1414,baseline,static,0.5378289035891124,0.05993628629833357,0.0,0.5971546712647997,4225.277862035737,0.5835515082285069
1414,baseline,no_context,0.6838230812924495,0.04139086060072546,0.0,0.7442016762513598,2396.968435284793,0.6757460932527385
1414,baseline,agribrain,0.7092554770327826,0.038218415825042165,0.0,0.7693338527233515,2074.81732476574,0.7101341279539672
1515,heatwave,static,0.39686664512617376,0.10986101212630296,0.0,0.535377463348778,4852.383357823854,0.5004164726068491
1515,heatwave,no_context,0.5202461144992122,0.0715002430398221,0.8823191779646173,0.681947235932722,2542.9775723126695,0.62068684428519
1515,heatwave,agribrain,0.5422075968059329,0.0661151479034692,0.934126681645919,0.7042973961425765,2212.6662669533907,0.6491663923196969
1515,overproduction,static,0.41695581479839317,0.1207035879897828,0.0,0.517224549146051,4584.468770597115,0.4879562699393032
1515,overproduction,no_context,0.5486473983883685,0.08416198506142167,0.8262125103462387,0.6556285011775744,2441.8306632663607,0.5969836515066659
1515,overproduction,agribrain,0.5715613194172717,0.0786840048291275,0.8958284097440372,0.6784528599591018,2104.4669036513696,0.6241575719415235
1515,cyber_outage,static,0.44743162771629996,0.10711719448561358,0.0,0.5433064606496261,4794.966698537593,0.5190590884065427
1515,cyber_outage,no_context,0.5832338856799654,0.07170229495295782,0.8108860437168075,0.6842070544320121,2669.226641713623,0.6269393671060132
1515,cyber_outage,agribrain,0.6056845115124747,0.0674925840545515,0.8628414118128979,0.7062462291850115,2381.2639974394547,0.6488280858591425
1515,adaptive_pricing,static,0.5028885137377248,0.08325100749645958,0.0,0.5859665179433727,4296.074848995356,0.5726050371196344
1515,adaptive_pricing,no_context,0.6263649655666442,0.06047778213362368,0.7514387971612436,0.7119820477570126,2694.9823943187225,0.6412371040011976
1515,adaptive_pricing,agribrain,0.6545291640336767,0.0554749176476874,0.8484444631595905,0.7400725608886429,2325.8446856886967,0.674142875895235
1515,baseline,static,0.5387541273058853,0.06033735512221125,0.0,0.5985948350733216,4155.67481292132,0.5846087732080993
1515,baseline,no_context,0.6656621047497986,0.04405941017463075,0.0,0.7266984794537528,2573.4561807333725,0.655484338352518
1515,baseline,agribrain,0.6989672104084175,0.03986517065673117,0.0,0.759420583780755,2177.8572568820273,0.6926870821990935
202,heatwave,static,0.39498645000799054,0.11288425556380347,0.0,0.5337155162468785,4946.501493634932,0.49874634882189955
202,heatwave,no_context,0.5113365176409594,0.07494609800421213,0.8307516346380507,0.672528483059605,2728.378208363498,0.6148681638123558
202,heatwave,agribrain,0.5353613684934703,0.06974590068385893,0.8889064574390136,0.6968944274681018,2364.296989058266,0.6395968758723731
202,overproduction,static,0.41296303260668304,0.1233154908288326,0.0,0.5155474638089783,4662.447739115819,0.4877720602377731
202,overproduction,no_context,0.5471255891182973,0.08501983692691663,0.8024180739604624,0.6562738115021188,2484.039602202325,0.6007777040991499
202,overproduction,agribrain,0.5680923050907898,0.08026498041676922,0.8758436036647578,0.677144976587369,2170.1944251485897,0.6230437248327214
202,cyber_outage,static,0.43036278423416663,0.12364587089273277,0.0,0.5458591091812588,4746.744299013884,0.5217513361659497
202,cyber_outage,no_context,0.5569429832590397,0.0837991636365741,0.8421205010307932,0.6812789777233453,2710.536233214828,0.6248745132688789
202,cyber_outage,agribrain,0.5816984276561309,0.07839725100471256,0.8839549948045071,0.705645387207075,2385.9688892019217,0.6489885825397411
202,adaptive_pricing,static,0.5090456595627022,0.07754979978016341,0.0,0.5859969201597562,4308.281238304114,0.5721709870159736
202,adaptive_pricing,no_context,0.6246386426926988,0.0577556709470353,0.7617633950054149,0.7041933604595214,2780.987028422495,0.635459444365699
202,adaptive_pricing,agribrain,0.6550235347815128,0.05288903840980229,0.8043541176703831,0.734142646054245,2401.073481826181,0.6681363471809166
202,baseline,static,0.5188757502892303,0.07629078829357962,0.0,0.5960881867764338,4275.563809421796,0.5836248342580956
202,baseline,no_context,0.6471711877924722,0.05536323498335147,0.7555259126966949,0.7269336992253863,2630.616639003528,0.6564971707710339
202,baseline,agribrain,0.6803384907984198,0.04995502701021132,0.8301729363051042,0.7597315946803804,2211.4148235778566,0.6965214392037863
2024,heatwave,static,0.3814836345716833,0.116718260835614,0.0,0.5357626023932344,4864.013709572986,0.5011426462890385
2024,heatwave,no_context,0.4839748846588401,0.08076444786526335,0.7481105454859478,0.6641251688802714,2822.064182855202,0.6068096421189004
2024,heatwave,agribrain,0.513236674844794,0.07388736947551532,0.8218293160521157,0.694218048148274,2417.7787069798255,0.6348714622257263
2024,overproduction,static,0.41259659792078307,0.12455564539502191,0.0,0.5153274334205582,4655.856212021139,0.48511953569633354
2024,overproduction,no_context,0.5253545338589445,0.09069393583237798,0.8091462098013797,0.6357774999205136,2753.6071478408885,0.5800753762359417
2024,overproduction,agribrain,0.5545562883733365,0.08370224826630268,0.8986203880873694,0.6651298337922928,2307.1748397770352,0.610807760009949
2024,cyber_outage,static,0.4794908460120917,0.08476774166823417,0.0,0.5530748889982484,4636.437307565463,0.5274771044553654
2024,cyber_outage,no_context,0.6121949029832453,0.05748986222367875,0.8100884423457201,0.6882304574755714,2670.2181498103664,0.6276005551322322
2024,cyber_outage,agribrain,0.6341441326696687,0.0538819239179836,0.8854852095634124,0.7101254118167153,2360.6632735978815,0.6530214971981196
2024,adaptive_pricing,static,0.4744257919269816,0.11056285773819469,0.0,0.587261811762931,4235.047779890586,0.5743023233708455
2024,adaptive_pricing,no_context,0.5965300399226715,0.08038557950745782,0.6576730534672888,0.713525335462983,2637.208149835198,0.6452604415281186
2024,adaptive_pricing,agribrain,0.6205094375160388,0.07458279118780134,0.7684787053835693,0.7378897694692387,2316.9621684119375,0.6750860435520349
2024,baseline,static,0.5372061458155701,0.05909697666761181,0.0,0.5954191106095633,4310.907799432712,0.5811232827674714
2024,baseline,no_context,0.6536880762561683,0.04473955476260086,0.0,0.7127733427908474,2839.3239117206394,0.6393504126814593
2024,baseline,agribrain,0.6852422262233038,0.04073972064995033,0.0,0.7442969274903117,2425.4489551212,0.6746041206607795
303,heatwave,static,0.4129873727569463,0.10443263083711771,0.0,0.5328450480127911,5004.075082555374,0.4976698790001178
303,heatwave,no_context,0.5414099359230161,0.06788597509455199,0.8690053838994168,0.6789175206844855,2668.951592836739,0.6166284057597453
303,heatwave,agribrain,0.565000053176496,0.06304643217973586,0.9362999817681464,0.7029904275462331,2310.26047217194,0.643685801835925
303,overproduction,static,0.4133464769372787,0.12368274118581109,0.0,0.514069070338302,4735.392986041761,0.48497335456487256
303,overproduction,no_context,0.5477967880241548,0.08496052332829186,0.8457782831141488,0.655434617335709,2484.9685300641277,0.6021838816022572
303,overproduction,agribrain,0.5694434293868423,0.08036957301411489,0.8991604366303729,0.6767883546175354,2178.5869157448797,0.6230445780817981
303,cyber_outage,static,0.4504195346938809,0.11561759274284406,0.0,0.5561892756660787,4573.652808648683,0.5316549845069828
303,cyber_outage,no_context,0.5888653885633716,0.07596939627646271,0.8681935321387243,0.7010008993509188,2489.178032470559,0.6440154909176078
303,cyber_outage,agribrain,0.610537333963058,0.07153238324480049,0.9120346414938157,0.7221935007244507,2205.0025191015484,0.6683133717968225
303,adaptive_pricing,static,0.5060878841377556,0.08176159462178811,0.0,0.5878162068732533,4201.826186490088,0.5748483835762319
303,adaptive_pricing,no_context,0.6195657870568011,0.061374574631962636,0.6327157873757719,0.7037166288868069,2735.557066547115,0.6362648587746755
303,adaptive_pricing,agribrain,0.6495239722567122,0.05612039635485359,0.7048423105856589,0.7333535814889722,2365.792777667387,0.6680930797251251
303,baseline,static,0.536422707905851,0.06065133325996568,0.0,0.5964650044648198,4257.298423715651,0.5837055176403771
303,baseline,no_context,0.6651000553083709,0.044000723654445704,0.0,0.7260625779892709,2631.5955197931817,0.6554772050336752
303,baseline,agribrain,0.6952351993001116,0.04016843309123168,0.0,0.7561028435290092,2244.5922719849505,0.6909830172684117
404,heatwave,static,0.41340512037409993,0.1090362238599652,0.0,0.5389208418658884,4730.941026116872,0.5036720345250414
404,heatwave,no_context,0.5415831113840954,0.07052967342312841,0.9261341561366365,0.6866192400518845,2454.1104220814054,0.6259838756786406
404,heatwave,agribrain,0.5680044962854055,0.06536351624629595,0.9632070041247377,0.7127031037380591,2108.4185750934594,0.6529045019990872
404,overproduction,static,0.4122750775319811,0.12505496758586906,0.0,0.5161166136528593,4610.247003238675,0.48640126337895856
404,overproduction,no_context,0.5367598486285042,0.0877829293715746,0.7896780174008917,0.6477868545104799,2540.4028557814354,0.5942757802560384
404,overproduction,agribrain,0.5656290678665223,0.08128141563339415,0.89923050011908,0.677012439176168,2112.184012014693,0.6246448304182347
404,cyber_outage,static,0.46114586082960873,0.10382536515154629,0.0,0.5531438626965441,4687.161197190581,0.5279323432037444
404,cyber_outage,no_context,0.597201532796146,0.06917768953072069,0.8705776245679816,0.6937205275018831,2615.6745777793103,0.6360791960882543
404,cyber_outage,agribrain,0.625722989041157,0.06426728334840408,0.9191967596832727,0.7216186993607265,2240.4579112402857,0.665642262531303
404,adaptive_pricing,static,0.5165240910157918,0.06891587269381419,0.0,0.5838405755919523,4398.3711157596435,0.5693468268076795
404,adaptive_pricing,no_context,0.6495932913505482,0.04911674913152185,0.8909238166278158,0.7185536579204025,2631.4074290667736,0.6480439133104693
404,adaptive_pricing,agribrain,0.6806607384001223,0.04469274973511282,0.8909238166278158,0.7491928865684214,2224.1948765641378,0.686672392451905
404,baseline,static,0.5169915117418473,0.07984944073368488,0.0,0.5983992971272121,4161.889242539104,0.58616499038939
404,baseline,no_context,0.6516120148019249,0.05667145313107637,0.7625457466827547,0.7352972756219258,2473.7931669088057,0.6657892706429703
404,baseline,agribrain,0.6816557946381518,0.05165983532289386,0.8071997370629996,0.7648340638497397,2108.6705718863864,0.702953785835014
42,heatwave,static,0.4156504993458921,0.10914656777194177,0.0,0.5364750779656419,4890.550566451751,0.5001768903105452
42,heatwave,no_context,0.5437027913374524,0.0707599899045663,0.8861008984771586,0.6820514640414052,2576.5490011272163,0.6229401220053677
42,heatwave,agribrain,0.5644298707520753,0.0660924508062156,0.9507907584475447,0.7031675143567563,2262.300006425333,0.6471979867497427
42,overproduction,static,0.42769645504756293,0.11217997619486747,0.0,0.5150952657685431,4669.06307800564,0.485990268928394
42,overproduction,no_context,0.5602838102850631,0.07845495246729345,0.7524204270860018,0.6517423972880869,2489.7592847119904,0.596042149738191
42,overproduction,agribrain,0.579489622124113,0.07463221584873976,0.8280129714752392,0.6708316525480085,2220.95962984573,0.6147354559530253
42,cyber_outage,static,0.4465637953336415,0.11522657132800629,0.0,0.5499620751239892,4715.484044052865,0.5242232937076364
42,cyber_outage,no_context,0.5837319020632467,0.07732627291531019,0.8148681626454862,0.6927893119883409,2625.724743398656,0.6317001096850414
42,cyber_outage,agribrain,0.604828229913983,0.07284561541196287,0.8737375195730224,0.7136001044508281,2332.2326531084923,0.6553355029517082
42,adaptive_pricing,static,0.4852271899676681,0.09981766302867048,0.0,0.5860350626513104,4290.159322092421,0.5713118273620849
42,adaptive_pricing,no_context,0.6106952157731589,0.07192822055090506,0.7150239386662026,0.7156564253728606,2612.376249948056,0.6488659622067149
42,adaptive_pricing,agribrain,0.6395811484337633,0.06577472130573922,0.8058919970783631,0.7441910548139928,2255.041320059049,0.682419663425612
42,baseline,static,0.5120688199463111,0.08450930721244183,0.0,0.5987267177046997,4146.396752800948,0.5857049172277768
42,baseline,no_context,0.6463656335955323,0.06001273766434231,0.7366996002651212,0.7355193681227729,2480.5221800568547,0.664997578142156
42,baseline,agribrain,0.6712564820588214,0.055552277035959934,0.8262450609130665,0.7603247239119858,2164.91773645176,0.6972127694161202
505,heatwave,static,0.3740242788626093,0.11662321727037073,0.0,0.5340368547798755,4968.682422962102,0.49804887584163865
505,heatwave,no_context,0.4884257670420546,0.07620119543321567,0.7925700630499036,0.6791955330299975,2643.7474930227213,0.6209952823624111
505,heatwave,agribrain,0.5062093207455458,0.07230804677575525,0.8210360570589171,0.698151157122269,2372.333935493482,0.639264928231938
505,overproduction,static,0.4164573905059715,0.1248426239691426,0.0,0.5166266593249458,4597.372955051393,0.48448376019288547
505,overproduction,no_context,0.5487788300583698,0.08589251950815083,0.8997804356878575,0.656103003218003,2394.06533339203,0.6023323794200358
505,overproduction,agribrain,0.5702096330638421,0.0808461638472357,0.9552584868485399,0.6773876317294969,2076.607023723805,0.6266900886352333
505,cyber_outage,static,0.4353093344139269,0.12045429019905887,0.0,0.546248987352113,4761.5018218184505,0.5219189072498592
505,cyber_outage,no_context,0.5662765179445137,0.08103808884408983,0.8322580490873742,0.6848911984437311,2694.868915716168,0.6249117084568055
505,cyber_outage,agribrain,0.5856127514148066,0.07706817951955844,0.8614630077961083,0.7038165859348054,2431.1384474840415,0.6449993941275659
505,adaptive_pricing,static,0.492183175449967,0.09203614639545231,0.0,0.5843433953809272,4365.792779508316,0.5707041318532442
505,adaptive_pricing,no_context,0.6058526517537426,0.06867746488706578,0.6767391254472128,0.7012882758187844,2849.138777051126,0.6319774203582667
505,adaptive_pricing,agribrain,0.6342442407489755,0.06330467165281507,0.7478621784329306,0.729440433906532,2470.8906720927503,0.6625906782619557
505,baseline,static,0.5078006934739911,0.08567073697822399,0.0,0.5950690986271394,4326.999968996177,0.58174990556687
505,baseline,no_context,0.6296055148172182,0.06346683314456875,0.7021401939534931,0.7198323258226904,2730.1035996153173,0.6480088635208436
505,baseline,agribrain,0.6597410924458889,0.057975979445127904,0.791390039290522,0.7498158637560437,2348.1798617875174,0.6827555748325472
606,heatwave,static,0.4224986509005056,0.11507962106227744,0.0,0.5387153876697769,4763.542707118887,0.5038172408035767
606,heatwave,no_context,0.552265324505616,0.0760798928077225,0.8850122595163039,0.6809916384282827,2572.928918254008,0.6176184101025338
606,heatwave,agribrain,0.5735255490447995,0.07129323959966537,0.9254713284292714,0.7020544479833146,2263.3437208514724,0.6414260408196679
606,overproduction,static,0.39592932734482644,0.1311329987497143,0.0,0.5142050160145537,4722.537627190438,0.48356910328591607
606,overproduction,no_context,0.5238380524212316,0.0900446180292582,0.8941454917801536,0.6552697717503967,2449.984881148108,0.6043335531709659
606,overproduction,agribrain,0.5474159034750402,0.08434706504270645,0.9548316782805646,0.6788917328107205,2117.717576540664,0.6282668331550604
606,cyber_outage,static,0.44699073368222414,0.1139547401701068,0.0,0.549391838100397,4677.75976839311,0.5247458003318107
606,cyber_outage,no_context,0.5873129275910134,0.0749122723258919,0.8753210357792632,0.6958131571619629,2508.287961989132,0.6393395086927361
606,cyber_outage,agribrain,0.6097598371103492,0.07090605313039573,0.9176026510018951,0.7177354087783895,2231.5101231293165,0.6615554391667134
606,adaptive_pricing,static,0.5129720375466357,0.07396001341470129,0.0,0.58587982618524,4285.566201232705,0.5729130651838067
606,adaptive_pricing,no_context,0.6328586803468226,0.05428560339036617,0.5907522315441956,0.7074474434419769,2705.3866268818647,0.6391827602477697
606,adaptive_pricing,agribrain,0.6644409571322569,0.04939372497756586,0.7213355900171781,0.7386715052329446,2312.4365563467654,0.6746106548056735
606,baseline,static,0.5381510621975648,0.06006463003596855,0.0,0.597614348078119,4202.210177050958,0.5842882378390719
606,baseline,no_context,0.6619420083143912,0.04406979118775231,0.0,0.7225133207009615,2651.974543589575,0.6528538835353309
606,baseline,agribrain,0.6957840221275453,0.039879628954126084,0.0,0.7560520927656156,2244.9968816385317,0.6908175305181996
7,heatwave,static,0.39891295815013145,0.11494683352967201,0.0,0.5349035684055894,4921.396001845904,0.49956523133311526
7,heatwave,no_context,0.528862026102605,0.07343767314935594,0.8799941518664329,0.6868303706994383,2483.8463431795844,0.6303055451993494
7,heatwave,agribrain,0.5436683757511311,0.07018776741497698,0.9208053791111704,0.7018475010649019,2278.1581788612502,0.6457232660452825
7,overproduction,static,0.4045781838753986,0.1287125361314145,0.0,0.516016653774028,4644.571281630757,0.4875713202413985
7,overproduction,no_context,0.5446254912680701,0.0872689117320017,0.8479975484935609,0.6648138681468097,2333.7146660195212,0.6078657374817173
7,overproduction,agribrain,0.5631612360542452,0.08236950831420391,0.9013224950949424,0.6834626467714904,2041.2538965067356,0.6334080915223853
7,cyber_outage,static,0.4658919537639168,0.09566054348678106,0.0,0.5504056752087106,4728.643846162782,0.5257439814895218
7,cyber_outage,no_context,0.6114234999647339,0.06248964448248673,0.8715477076183739,0.6997607831501867,2522.9088516008724,0.6441545226523971
7,cyber_outage,agribrain,0.6285033005943141,0.059752068929888505,0.8889448747837323,0.716399469488573,2303.260345021459,0.6619408072845449
7,adaptive_pricing,static,0.4825097964312495,0.10077197948354101,0.0,0.5841377371523069,4388.375872890656,0.5710503554715124
7,adaptive_pricing,no_context,0.6274923094376584,0.06861155381391476,0.7956913462792995,0.7334403152986694,2456.3853823133363,0.666684779627025
7,adaptive_pricing,agribrain,0.6466148813492404,0.0645845769087438,0.8824223439826411,0.752532004288964,2202.815926092401,0.6921876454787736
7,baseline,static,0.5057089643401016,0.08846657025161529,0.0,0.5964328192858578,4259.610462646466,0.5830697872689731
7,baseline,no_context,0.6384730467464497,0.06346154681841235,0.702893997342349,0.7321789774103622,2558.3871537456084,0.6616594126503368
7,baseline,agribrain,0.6655990513357476,0.05806046013696434,0.8182886211017478,0.7594041385574142,2220.6236301405875,0.6951896474025632
707,heatwave,static,0.4206442399969006,0.11023816749961887,0.0,0.5367247494307135,4880.1525643246605,0.5012991147489889
707,heatwave,no_context,0.5405581945983814,0.07480509887120251,0.8577077501250889,0.6710094911538348,2764.19331705738,0.606404724678914
707,heatwave,agribrain,0.5609402434348116,0.06992173356729116,0.9123316632732025,0.6916199999980633,2454.341877948161,0.629934282432726
707,overproduction,static,0.43956354108860635,0.09750599814896478,0.0,0.5156856450148439,4650.6818428609295,0.4871659262196
707,overproduction,no_context,0.5537631691368802,0.07219767636582307,0.7390014764474698,0.633200826800761,2807.0456565664276,0.5727734287136744
707,overproduction,agribrain,0.588969212369585,0.06584895645749092,0.8009367770698108,0.6680246591266958,2284.8682026617334,0.6084449256302482
707,cyber_outage,static,0.4473070361926285,0.11617988718118813,0.0,0.5553609712335488,4562.2547430405875,0.5302134636421661
707,cyber_outage,no_context,0.5610241328984357,0.0819628358724191,0.7910564560572392,0.6760804604090151,2802.444850506206,0.6177410334422837
707,cyber_outage,agribrain,0.5834278826759797,0.07704407861025137,0.8582607067928565,0.6984662769055967,2500.4719971075037,0.6392462072066619
707,adaptive_pricing,static,0.49879928208582963,0.08714988837715806,0.0,0.5860173222215843,4299.19272675825,0.5722828041416976
707,adaptive_pricing,no_context,0.6124209195087332,0.06521018293999474,0.6600029363001401,0.7022183900587824,2800.1378705982934,0.6340738079286896
707,adaptive_pricing,agribrain,0.6423536755770454,0.05975632495687006,0.7135995025005316,0.7318433124163377,2417.0509519301004,0.6663473455853385
707,baseline,static,0.5324483222791696,0.06668126509609289,0.0,0.5994295422496271,4113.840581432384,0.585750865383023
707,baseline,no_context,0.6406400204404452,0.05114521844262841,0.6572771139671494,0.7091277201062758,2774.785540133862,0.6371728838503214
707,baseline,agribrain,0.672445652624858,0.046673081323016806,0.7624962881524723,0.7407045344526154,2367.838583779942,0.6713598906624774
808,heatwave,static,0.39621175463595737,0.12037729587764863,0.0,0.5376281620199067,4845.653629002691,0.5010027092974862
808,heatwave,no_context,0.5267210156271,0.07710020458996168,0.8705614569613237,0.6904845458535172,2440.4122656364843,0.632153826025401
808,heatwave,agribrain,0.5460054086015654,0.0728529543410411,0.9022607585022662,0.7096056300888214,2187.699743878053,0.65146758802392
808,overproduction,static,0.4033083387253213,0.12840740485105345,0.0,0.5139741387494763,4738.890050616262,0.48479910140249816
808,overproduction,no_context,0.5428608393409023,0.08705420546719764,0.86695855870973,0.6628314903167121,2392.6610578261225,0.6064179440325068
808,overproduction,agribrain,0.5556830469025248,0.0838500721189152,0.8873061788824125,0.6753452123443788,2211.399865091339,0.6204156223239842
808,cyber_outage,static,0.45098897114684433,0.11219909387122959,0.0,0.5510426590150198,4727.793371146695,0.5256417041471572
808,cyber_outage,no_context,0.5929410300058743,0.07402144835067742,0.8426883758825585,0.6982637280193745,2559.7893076282835,0.6380736863369978
808,cyber_outage,agribrain,0.6090148206649444,0.07088227673780476,0.8897189165846637,0.7143334393312215,2347.3992714835904,0.65572214894567
808,adaptive_pricing,static,0.47054804277494205,0.11279482215270664,0.0,0.5854544919104133,4329.685751402139,0.5717406599496674
808,adaptive_pricing,no_context,0.6156021409219478,0.07657744386617554,0.7838383652370685,0.7357650024893991,2405.300913956732,0.669921232189298
808,adaptive_pricing,agribrain,0.6362126135174185,0.07153082616884578,0.8340206719209565,0.7559792288195502,2136.6600733084274,0.698069468810576
808,baseline,static,0.5309139406438912,0.06698645863336093,0.0,0.5980933463886959,4177.731054198783,0.5846267023752978
808,baseline,no_context,0.6705863432747402,0.047039004530700146,0.5802945301189252,0.7391741260745959,2431.719036461208,0.6704403656728476
808,baseline,agribrain,0.6993260164201311,0.0428896298890962,0.6019001081502844,0.7674599414037776,2067.4949580396246,0.7078445716092739
909,heatwave,static,0.3452584849878935,0.12019273465021864,0.0,0.5368221277534099,4830.93286387474,0.5006121352675136
909,heatwave,no_context,0.46006245441403176,0.07780765794972663,0.5519791121237118,0.6908448625857716,2451.715031828832,0.6300319268372521
909,heatwave,agribrain,0.4773480753255613,0.07259768975044506,0.47151902045366567,0.7112347417678505,2134.8396854674493,0.6553378001881012
909,overproduction,static,0.4075366769587359,0.12608378336354803,0.0,0.5155346974420225,4672.54010764772,0.4861681380486779
909,overproduction,no_context,0.5610431786976717,0.08166724264549735,0.9286280917678208,0.6776949315270249,2141.1477230197415,0.6249595454435881
909,overproduction,agribrain,0.5719789326270449,0.07921444648945197,0.9552610317731179,0.688657386834575,1977.0127583397207,0.638641043373356
909,cyber_outage,static,0.4249674432022516,0.12687511911522528,0.0,0.545097842281193,4698.186194053783,0.520418757985262
909,cyber_outage,no_context,0.5794750261411242,0.07906271299880029,0.9054656725981721,0.7091539277777912,2249.283849577983,0.6586100372829284
909,cyber_outage,agribrain,0.5997272197233685,0.07496914737844973,0.9323811714359912,0.7287955923707631,1998.7218729929764,0.6814524505223487
909,adaptive_pricing,static,0.5141728173270944,0.07114579627148905,0.0,0.5839355694240498,4372.341401244373,0.5698044602166935
909,adaptive_pricing,no_context,0.6647359847022908,0.04791632713246576,0.7673883238176755,0.7358658149477869,2392.5005944119553,0.6705852111036883
909,adaptive_pricing,agribrain,0.6883624449096765,0.04447289552435547,0.8177715246292645,0.759322039684759,2084.036186222133,0.7032222903218404
909,baseline,static,0.5007671469031364,0.09388102127820928,0.0,0.5975954039614835,4201.67714226346,0.5848603396302584
909,baseline,no_context,0.6699564240950245,0.05940114867909011,0.8867982924284968,0.770279155972228,2055.621750579119,0.7105457750624483
909,baseline,agribrain,0.6831690143138343,0.05693130003555669,0.9112622657744679,0.7832157856798898,1883.8196679511077,0.7325939142615658
99,heatwave,static,0.40540859642459687,0.10860595552392574,0.0,0.5359720798885873,4908.735727224978,0.4996359476798302
99,heatwave,no_context,0.5268798915770518,0.07101573330527544,0.8538506616334629,0.6786871018803845,2632.808281519513,0.6197964878516415
99,heatwave,agribrain,0.5550135121913087,0.0660572358872226,0.9024375980740467,0.7069655380634203,2233.624295449979,0.6474641916833073
99,overproduction,static,0.3778438868436921,0.13595983404793519,0.0,0.5164569600668668,4646.35220394263,0.4874902932974503
99,overproduction,no_context,0.5122632171887115,0.0908654212281586,0.9137450317974235,0.6692902666269713,2268.3943197093035,0.6148622774099246
99,overproduction,agribrain,0.5335314819289816,0.08522242349778204,0.9484017906785358,0.6903387548415026,1952.7606832551378,0.6409885931682403
99,cyber_outage,static,0.44950971588196176,0.11024754909947981,0.0,0.5481383203480203,4720.553580678741,0.5239016704131408
99,cyber_outage,no_context,0.5878659320788784,0.07262591709299623,0.8598409911719187,0.6920722346807399,2576.9903154436392,0.6357829336764084
99,cyber_outage,agribrain,0.6098283693841603,0.06859939184587245,0.8800683231955808,0.7134661089801858,2284.671291586333,0.6593429082180329
99,adaptive_pricing,static,0.5064095378741107,0.07889773144028764,0.0,0.5845503060332972,4368.135327698551,0.5709823271178708
99,adaptive_pricing,no_context,0.6291671510504183,0.057784868651445914,0.5826245291421233,0.7091646177790412,2737.874856735318,0.6409174196536352
99,adaptive_pricing,agribrain,0.6634356504604952,0.05193068093179776,0.7313045981233323,0.7435921311631675,2272.8826272111105,0.6820137873247658
99,baseline,static,0.5226996170833207,0.07422426560597632,0.0,0.5977901493419439,4192.098106021427,0.584693097586074
99,baseline,no_context,0.6443154207485448,0.05490940762063433,0.6470294102010212,0.7212411185921358,2665.7380049066583,0.6515261208211446
99,baseline,agribrain,0.6753368309825812,0.04993913929628138,0.7505809471418321,0.7519955598011221,2269.415882006431,0.6878463128836606
