scenario,series,hour,mean,low,high,n,sd,ci_method
heatwave,disturbance,0.875,6.547499999999999,6.547499999999999,6.547499999999999,20,0.0,deterministic
heatwave,disturbance,2.875,3.8775,3.8775,3.8775,20,0.0,deterministic
heatwave,disturbance,4.875,4.13875,4.13875,4.13875,20,0.0,deterministic
heatwave,disturbance,6.875,4.64375,4.64375,4.64375,20,9.112518314015307e-16,BCa
heatwave,disturbance,8.875,4.4449999999999985,4.4449999999999985,4.4449999999999985,20,1.8225036628030615e-15,BCa
heatwave,disturbance,10.875,5.546250000000001,5.546250000000001,5.546250000000001,20,0.0,deterministic
heatwave,disturbance,12.875,3.8287500000000003,3.8287500000000003,3.8287500000000003,20,0.0,deterministic
heatwave,disturbance,14.875,3.867500000000001,3.867500000000001,3.867500000000001,20,9.112518314015307e-16,BCa
heatwave,disturbance,16.875,4.13875,4.13875,4.13875,20,0.0,deterministic
heatwave,disturbance,18.875,3.9825000000000004,3.9825000000000004,3.9825000000000004,20,4.556259157007654e-16,percentile
heatwave,disturbance,20.875,4.345841244988271,4.136250000000001,5.29105159220553,20,0.9373205425651671,BCa
heatwave,disturbance,22.875,5.807767337447943,4.723094055682075,8.280796072869434,20,3.5686056898277427,BCa
heatwave,disturbance,24.875,9.808844855344798,7.711900810381397,13.108610088566115,20,6.043261403195099,BCa
heatwave,disturbance,26.875,11.839989203475273,8.588801419553235,15.028993055984234,20,7.621661768583605,BCa
heatwave,disturbance,28.875,16.84358070329068,13.842941980647119,19.385888594613053,20,6.50407771229628,BCa
heatwave,disturbance,30.875,20.70892909573909,19.31240283308109,21.762596283194696,20,2.8372139118145223,BCa
heatwave,disturbance,32.875,23.064206410434444,22.52706981268838,23.445587800448926,20,1.0437526683621676,BCa
heatwave,disturbance,34.875,24.501536901962126,24.307273164546995,24.64291619468709,20,0.38397514835827634,BCa
heatwave,disturbance,36.875,24.655253015372242,24.585673565198537,24.707767407550577,20,0.14125656300176406,BCa
heatwave,disturbance,38.875,28.49800056018389,28.472393022030445,28.517024154531033,20,0.051965385458888035,BCa
heatwave,disturbance,40.875,25.310410625837754,25.30065277210607,25.31752485837314,20,0.019116996962874454,BCa
heatwave,disturbance,42.875,24.200293471980295,24.196773351137377,24.20283026786557,20,0.00703275015957909,BCa
heatwave,disturbance,44.875,23.554725599286968,23.354198042060425,23.60506574435991,20,0.22357226334952993,BCa
heatwave,disturbance,46.875,23.52011420392946,22.75544793029924,23.8298399239958,20,1.0545701392795601,BCa
heatwave,disturbance,48.875,25.45120700432797,24.21872149719067,26.153857981791436,20,2.143992312591556,BCa
heatwave,disturbance,50.875,21.36411311423034,19.881494063974916,22.557319909773238,20,3.1278527313686513,BCa
heatwave,disturbance,52.875,18.80895868892053,17.306214307618088,20.274809098429095,20,3.5342034119780537,BCa
heatwave,disturbance,54.875,16.02605232174826,14.709468003801746,17.3014217802187,20,3.017475547367067,BCa
heatwave,disturbance,56.875,14.103413725126043,12.997381917678767,15.157399797068674,20,2.470500027290234,BCa
heatwave,disturbance,58.875,13.906507259003911,12.995983104043894,14.758019070472365,20,2.022674347822508,BCa
heatwave,disturbance,60.875,10.995762752192707,10.282573450060703,11.701213675220242,20,1.6560256920242378,BCa
heatwave,disturbance,62.875,9.153650725718915,8.564371688682755,9.716707402725573,20,1.3558391619474905,BCa
heatwave,disturbance,64.875,8.176023199055674,7.69738912940956,8.646906996717385,20,1.1100672181138882,BCa
heatwave,disturbance,66.875,7.738891209093964,7.340269745028116,8.110565313699988,20,0.9088461694535638,BCa
heatwave,disturbance,68.875,6.76180987926446,6.442617534850371,7.072938842566667,20,0.7441003087487558,BCa
heatwave,disturbance,70.875,6.307806225963499,6.036240795321665,6.55966316764855,20,0.6092178061474277,BCa
heatwave,prob_no_context,0.875,0.3571923869879422,0.33015239308132144,0.38860580369054404,20,0.06855094270248602,BCa
heatwave,prob_no_context,2.875,0.3215343812926249,0.29687624484796327,0.3473259346852501,20,0.059359287432508914,BCa
heatwave,prob_no_context,4.875,0.4039811387427961,0.3760524808096353,0.44183939420709256,20,0.07424190811923016,BCa
heatwave,prob_no_context,6.875,0.43683283612155266,0.4097091386058932,0.4683904272889489,20,0.06790220635672825,BCa
heatwave,prob_no_context,8.875,0.3429382835770707,0.31984505004570574,0.3736507027072192,20,0.061397832724004044,BCa
heatwave,prob_no_context,10.875,0.32357140779385846,0.2988768266753448,0.3497114541091172,20,0.06011665442707376,BCa
heatwave,prob_no_context,12.875,0.47937481571735463,0.448935983570692,0.5124148779762647,20,0.07360022629601283,BCa
heatwave,prob_no_context,14.875,0.5238090483018111,0.5001501988558241,0.5514192624090154,20,0.05911572777057637,BCa
heatwave,prob_no_context,16.875,0.5194659353290689,0.49789331686115107,0.548231424960714,20,0.05858946659869068,BCa
heatwave,prob_no_context,18.875,0.5886636313481828,0.5649200081843454,0.6141514020467546,20,0.05816163455774794,BCa
heatwave,prob_no_context,20.875,0.4549053179223897,0.41980557091227755,0.4878253314238135,20,0.07904498450363247,BCa
heatwave,prob_no_context,22.875,0.4903992882770515,0.4588358325109965,0.5250668708188295,20,0.0782249063591131,BCa
heatwave,prob_no_context,24.875,0.5567027184045789,0.5031329540073044,0.6048744599808537,20,0.11916278791441497,BCa
heatwave,prob_no_context,26.875,0.5751776205223899,0.5141466944621735,0.6281270888754894,20,0.13437820881811172,BCa
heatwave,prob_no_context,28.875,0.7448598722813065,0.7097836617921183,0.7738064736368505,20,0.0733445974312433,BCa
heatwave,prob_no_context,30.875,0.7749522723174905,0.7452608471625944,0.7975266180242762,20,0.06009323349623289,BCa
heatwave,prob_no_context,32.875,0.7176389110570538,0.6778379875657233,0.7508154163367873,20,0.08517686448811165,BCa
heatwave,prob_no_context,34.875,0.7427539180478384,0.7022706929024592,0.7736338392384519,20,0.08111889111034133,BCa
heatwave,prob_no_context,36.875,0.8642634434096477,0.8457194932475424,0.8790096505804874,20,0.03888877350999278,BCa
heatwave,prob_no_context,38.875,0.8841737706567816,0.8669063573250274,0.8955797672340033,20,0.032532250924647184,BCa
heatwave,prob_no_context,40.875,0.8730527879308619,0.8519841188612609,0.8851426016241748,20,0.03660188626339315,BCa
heatwave,prob_no_context,42.875,0.8842862166641776,0.8685122535429317,0.8951234418589102,20,0.029887397874562165,BCa
heatwave,prob_no_context,44.875,0.8752528631234652,0.8565110030719616,0.8876887798483527,20,0.03527126470537216,BCa
heatwave,prob_no_context,46.875,0.8274817352225116,0.7962073562155058,0.8473078047339182,20,0.05825152730705896,BCa
heatwave,prob_no_context,48.875,0.8743101053349926,0.8373021238158455,0.8928636631860108,20,0.05808366131757729,BCa
heatwave,prob_no_context,50.875,0.861395991754948,0.831052350198491,0.8810799193681131,20,0.056495849624446974,BCa
heatwave,prob_no_context,52.875,0.8789380816986133,0.8521211353666135,0.8975004656447997,20,0.052502663795116915,BCa
heatwave,prob_no_context,54.875,0.7939148615936323,0.7363673017033137,0.8274450575415053,20,0.10030406716761096,BCa
heatwave,prob_no_context,56.875,0.7424989550017996,0.6927359015853484,0.7752188160989336,20,0.09359995471075476,BCa
heatwave,prob_no_context,58.875,0.7289956067538911,0.6688218857934023,0.7667916278914193,20,0.10816778037037648,BCa
heatwave,prob_no_context,60.875,0.7622738843571913,0.7062349572970212,0.798663677170076,20,0.10436854944237198,BCa
heatwave,prob_no_context,62.875,0.7560865298056467,0.6954358163717848,0.7977942382101834,20,0.11682648906982496,BCa
heatwave,prob_no_context,64.875,0.7291906170121119,0.6657122742781226,0.7698950435089101,20,0.11692696257909364,BCa
heatwave,prob_no_context,66.875,0.713100155921536,0.647825080299871,0.7583120529786528,20,0.12625105585602833,BCa
heatwave,prob_no_context,68.875,0.6926557782580203,0.6267010200950001,0.7345906800373541,20,0.12092151824970834,BCa
heatwave,prob_no_context,70.875,0.6450059343262662,0.591222311283959,0.688128949386134,20,0.11125303677858546,BCa
heatwave,prob_agribrain,0.875,0.6082876022568067,0.5787126358850662,0.6391654397383744,20,0.07194651268020008,BCa
heatwave,prob_agribrain,2.875,0.5663789661908234,0.5374183754687232,0.5962641545032866,20,0.06931533242656199,BCa
heatwave,prob_agribrain,4.875,0.6426432905803805,0.6130714092888858,0.6724470662787686,20,0.06978805032577187,BCa
heatwave,prob_agribrain,6.875,0.677592830358669,0.6575774688702986,0.702351290564738,20,0.0524484369963066,BCa
heatwave,prob_agribrain,8.875,0.5874156593435187,0.5590728308696167,0.6151447496489282,20,0.06593470670025002,BCa
heatwave,prob_agribrain,10.875,0.5808466281483772,0.5534283840945823,0.6070168279722187,20,0.06371561966405102,BCa
heatwave,prob_agribrain,12.875,0.6746437330545959,0.649231517812553,0.7028788887294053,20,0.062198284285067115,BCa
heatwave,prob_agribrain,14.875,0.7139063989414491,0.696714802595788,0.7325179932648652,20,0.042058418360988975,BCa
heatwave,prob_agribrain,16.875,0.7050517183503296,0.6868581783371318,0.7250120627631512,20,0.0450146407225913,BCa
heatwave,prob_agribrain,18.875,0.7152807055315432,0.693094991299207,0.73876977741405,20,0.05364013473577584,BCa
heatwave,prob_agribrain,20.875,0.5934344269431726,0.5623249643987593,0.6258060504766403,20,0.07424877175538837,BCa
heatwave,prob_agribrain,22.875,0.6256904212992291,0.5910289168487649,0.6636691347316546,20,0.0845631648244366,BCa
heatwave,prob_agribrain,24.875,0.6978447797417694,0.6462473875408289,0.7443072433766011,20,0.11485333011378908,BCa
heatwave,prob_agribrain,26.875,0.7156748359234844,0.6524796785622605,0.768954776753399,20,0.13582182658395797,BCa
heatwave,prob_agribrain,28.875,0.8531269984104757,0.822022890824903,0.875353376854999,20,0.06033905673412483,BCa
heatwave,prob_agribrain,30.875,0.8992292129279218,0.8856702016941222,0.9096311435921226,20,0.027771448553951594,BCa
heatwave,prob_agribrain,32.875,0.8734058859764872,0.8506118342194967,0.890089630842824,20,0.04580591293748644,BCa
heatwave,prob_agribrain,34.875,0.8851816869963468,0.8625689379026119,0.8999871386829723,20,0.043347208275751094,BCa
heatwave,prob_agribrain,36.875,0.9417281494879127,0.9333004407909524,0.9506944799020558,20,0.02008492338626137,BCa
heatwave,prob_agribrain,38.875,0.9510462295928024,0.9435580181153608,0.959152991324922,20,0.018131700209276284,BCa
heatwave,prob_agribrain,40.875,0.9507439348841459,0.9409611934699217,0.9602740872134095,20,0.022778435230472197,BCa
heatwave,prob_agribrain,42.875,0.9572739457463155,0.9486508709343142,0.9671044706762864,20,0.021643764170231086,BCa
heatwave,prob_agribrain,44.875,0.9568876934867685,0.9480805097903147,0.9648701991039805,20,0.019683555845139176,BCa
heatwave,prob_agribrain,46.875,0.9300488133683043,0.9174084664064034,0.9382383503603919,20,0.023462003825219263,BCa
heatwave,prob_agribrain,48.875,0.9537594384511877,0.9387104348395688,0.961880002881646,20,0.025346199852465973,BCa
heatwave,prob_agribrain,50.875,0.9489983613135822,0.9321410579575476,0.9590725267839209,20,0.0297186356826174,BCa
heatwave,prob_agribrain,52.875,0.9665487295449982,0.9579459675978647,0.9749599004651565,20,0.02003576422942658,BCa
heatwave,prob_agribrain,54.875,0.8515619360079594,0.8013518967894612,0.8780768728981899,20,0.08307645179036498,BCa
heatwave,prob_agribrain,56.875,0.8109843836659889,0.7699502900195924,0.8362947609388512,20,0.0753507356723856,BCa
heatwave,prob_agribrain,58.875,0.7968264710812984,0.7423108270173772,0.8276886523208918,20,0.09237750292632803,BCa
heatwave,prob_agribrain,60.875,0.8251641866194415,0.7804360317758773,0.8538190255426996,20,0.08317242852626008,BCa
heatwave,prob_agribrain,62.875,0.8200021842717555,0.7697215949013081,0.8537108487539428,20,0.09435379634845042,BCa
heatwave,prob_agribrain,64.875,0.8000959521839002,0.7430120368211517,0.8311639210943824,20,0.09563820478746088,BCa
heatwave,prob_agribrain,66.875,0.786907780889375,0.7321923031620631,0.8225525375015559,20,0.10179450852389052,BCa
heatwave,prob_agribrain,68.875,0.7682023207399965,0.7095861074697865,0.8035510144805349,20,0.10500004507932058,BCa
heatwave,prob_agribrain,70.875,0.7310352685574621,0.6808641164968876,0.7656508154040197,20,0.09586652577433931,BCa
heatwave,modifier_mcp,0.875,0.1217124446139235,0.10723416079074617,0.1351908560659269,20,0.03262927351981007,BCa
heatwave,modifier_mcp,2.875,0.09969277623459456,0.08449407970315823,0.11285908149874216,20,0.033149008365661356,BCa
heatwave,modifier_mcp,4.875,0.09500778506119276,0.0776235344092381,0.10995604556019815,20,0.03728611433302589,BCa
heatwave,modifier_mcp,6.875,0.10428122141778859,0.08578510564578656,0.11893586239732018,20,0.03867851218509769,BCa
heatwave,modifier_mcp,8.875,0.10890624012112582,0.09228319334569111,0.12445809483446738,20,0.037763612750518046,BCa
heatwave,modifier_mcp,10.875,0.1297254875012671,0.12047638263466064,0.13927975081385385,20,0.022012847101123452,BCa
heatwave,modifier_mcp,12.875,0.0717908907463662,0.05973218993977894,0.09008335721315093,20,0.034674205307541416,BCa
heatwave,modifier_mcp,14.875,0.07410541195633306,0.06258736019380869,0.0850832656468692,20,0.025912008099408926,BCa
heatwave,modifier_mcp,16.875,0.06562587934482697,0.052510200314942745,0.07840603156785104,20,0.029892770458250263,BCa
heatwave,modifier_mcp,18.875,0.10196773258778155,0.06934990427847154,0.12299039897787879,20,0.060045919239676206,BCa
heatwave,modifier_mcp,20.875,0.10235018559383464,0.07200145353968986,0.123038605804145,20,0.05917940747315301,BCa
heatwave,modifier_mcp,22.875,0.10875886983003975,0.08730832241714241,0.14733211435395513,20,0.06573183935518404,BCa
heatwave,modifier_mcp,24.875,0.15111166537907156,0.11970039568815695,0.19348133901122652,20,0.08532077738465717,BCa
heatwave,modifier_mcp,26.875,0.17996910479289857,0.13254219601710635,0.22640624698465958,20,0.1100302540809591,BCa
heatwave,modifier_mcp,28.875,0.23969079136765678,0.1996225886036157,0.2667041659497997,20,0.07538028319185924,BCa
heatwave,modifier_mcp,30.875,0.40773203347125164,0.397951942050843,0.41656166937748307,20,0.02162837069315026,BCa
heatwave,modifier_mcp,32.875,0.4231663188269025,0.4120321912657675,0.4361462088601009,20,0.02826064164637318,BCa
heatwave,modifier_mcp,34.875,0.4435910862637459,0.42983465943889987,0.45914982902512563,20,0.034182095388550965,BCa
heatwave,modifier_mcp,36.875,0.45592907986908154,0.44285272137387716,0.4680986596544485,20,0.029819260494479846,BCa
heatwave,modifier_mcp,38.875,0.4860564372047357,0.4769853915813969,0.4940294781724099,20,0.019916963778035392,BCa
heatwave,modifier_mcp,40.875,0.488947372564663,0.4809502429528909,0.4963459167455062,20,0.018008656547095103,BCa
heatwave,modifier_mcp,42.875,0.4894397393753807,0.48027123194203114,0.49722883342777513,20,0.019944669568225156,BCa
heatwave,modifier_mcp,44.875,0.4913786323844742,0.48214444213202645,0.499254618176096,20,0.019919223289057483,BCa
heatwave,modifier_mcp,46.875,0.497259792037884,0.48694958782977465,0.509495833110359,20,0.02577877942109579,BCa
heatwave,modifier_mcp,48.875,0.5076105289379932,0.4966483483326975,0.5218132492972131,20,0.0291717543397229,BCa
heatwave,modifier_mcp,50.875,0.5086419466651082,0.49643401578249174,0.5242643475052075,20,0.03225713607603684,BCa
heatwave,modifier_mcp,52.875,0.5018688658582112,0.4828503332355029,0.5211628103149226,20,0.0453987755836846,BCa
heatwave,modifier_mcp,54.875,0.00675771006852145,0.003311382377842231,0.011508813375064554,20,0.009289084837239153,BCa
heatwave,modifier_mcp,56.875,0.013862763689354175,0.009013866912094682,0.020633007393017634,20,0.013203531743528955,BCa
heatwave,modifier_mcp,58.875,0.009069365471533315,0.005187943960788063,0.01521970661387954,20,0.01108676900081122,BCa
heatwave,modifier_mcp,60.875,0.012478683798223953,0.008264979520425448,0.017223389835162483,20,0.010760737346331572,BCa
heatwave,modifier_mcp,62.875,0.014201248374466005,0.00972350909885095,0.01920986523073386,20,0.01122576077593634,BCa
heatwave,modifier_mcp,64.875,0.01665801816722768,0.011072857774281446,0.023766887573700976,20,0.014548017980399106,BCa
heatwave,modifier_mcp,66.875,0.01774453856826111,0.01212673422825787,0.025966678066001753,20,0.015385660368356601,BCa
heatwave,modifier_mcp,68.875,0.014958620260807928,0.00962893533909441,0.021848356653350505,20,0.013965061890240613,BCa
heatwave,modifier_mcp,70.875,0.018796165511317874,0.01360437532107944,0.025685000857708824,20,0.013935939360634121,BCa
heatwave,modifier_rag,0.875,0.5118875725884644,0.5113651499479884,0.5125937013877023,20,0.001404893535138823,BCa
heatwave,modifier_rag,2.875,0.5118875725884644,0.5113625421903683,0.5126023126408323,20,0.001404893535138823,BCa
heatwave,modifier_rag,4.875,0.5118875725884644,0.5113737506917009,0.5125722123924107,20,0.001404893535138823,BCa
heatwave,modifier_rag,6.875,0.5118875725884644,0.511364994213096,0.5125794359346217,20,0.001404893535138823,BCa
heatwave,modifier_rag,8.875,0.5118875725884644,0.511364840243804,0.5125896154197502,20,0.001404893535138823,BCa
heatwave,modifier_rag,10.875,0.5118875725884644,0.5113641739294444,0.5125798558267848,20,0.001404893535138823,BCa
heatwave,modifier_rag,12.875,0.43331664008727244,0.4329344585461391,0.4337958611217599,20,0.0009845867867442405,BCa
heatwave,modifier_rag,14.875,0.43331664008727244,0.43295633137662637,0.4338147189470918,20,0.0009845867867442405,BCa
heatwave,modifier_rag,16.875,0.43331664008727244,0.4329622458659306,0.4338182154620991,20,0.0009845867867442405,BCa
heatwave,modifier_rag,18.875,0.24998446425115786,0.24993734823845176,0.25,20,5.362598843662712e-05,BCa
heatwave,modifier_rag,20.875,0.24998446425115786,0.2499378570046315,0.25,20,5.362598843662712e-05,BCa
heatwave,modifier_rag,22.875,0.24998446425115786,0.24993842981425374,0.25,20,5.362598843662712e-05,BCa
heatwave,modifier_rag,24.875,0.24994918199309338,0.24989012608619038,0.24998235887096776,20,0.00010118837033302374,BCa
heatwave,modifier_rag,26.875,0.24994918199309338,0.24988072285715446,0.24998446425115786,20,0.00011625392494312882,BCa
heatwave,modifier_rag,28.875,0.24993154370579268,0.24988341658532756,0.24996816221703183,20,9.756370739109961e-05,BCa
heatwave,modifier_rag,30.875,0.24992147182032037,0.24984178252936304,0.24996674410786457,20,0.000139450806129981,BCa
heatwave,modifier_rag,32.875,0.24998446425115786,0.24993842981425374,0.25,20,5.362598843662712e-05,BCa
heatwave,modifier_rag,34.875,0.24992146021889985,0.24986510388055877,0.24996380916547406,20,0.00011554381216861905,BCa
heatwave,modifier_rag,36.875,0.24998446425115786,0.24993842981425374,0.25,20,5.362598843662712e-05,BCa
heatwave,modifier_rag,38.875,0.24998446425115786,0.24994127697873897,0.25,20,5.362598843662712e-05,BCa
heatwave,modifier_rag,40.875,0.24998446425115786,0.24993842981425374,0.25,20,5.362598843662712e-05,BCa
heatwave,modifier_rag,42.875,0.24998446425115786,0.24993842981425374,0.25,20,5.362598843662712e-05,BCa
heatwave,modifier_rag,44.875,0.24998446425115786,0.24993842981425374,0.25,20,5.362598843662712e-05,BCa
heatwave,modifier_rag,46.875,0.24998446425115786,0.24993842981425374,0.25,20,5.362598843662712e-05,BCa
heatwave,modifier_rag,48.875,0.24998446425115786,0.24993842981425374,0.25,20,5.362598843662712e-05,BCa
heatwave,modifier_rag,50.875,0.24998446425115786,0.24993842981425374,0.25,20,5.362598843662712e-05,BCa
heatwave,modifier_rag,52.875,0.24998446425115786,0.24993842981425374,0.25,20,5.362598843662712e-05,BCa
heatwave,modifier_rag,54.875,0.24998446425115786,0.24994188414424753,0.25,20,5.362598843662712e-05,BCa
heatwave,modifier_rag,56.875,0.24998446425115786,0.24994188414424762,0.25,20,5.362598843662712e-05,BCa
heatwave,modifier_rag,58.875,0.24998446425115786,0.24993842981425374,0.25,20,5.362598843662712e-05,BCa
heatwave,modifier_rag,60.875,0.24998446425115786,0.24993842981425374,0.25,20,5.362598843662712e-05,BCa
heatwave,modifier_rag,62.875,0.24994666183180306,0.249792185903617,0.24999194572076783,20,0.0001738384512945783,BCa
heatwave,modifier_rag,64.875,0.24997186344470626,0.24992070967096042,0.2499959728603839,20,7.509474378496355e-05,BCa
heatwave,modifier_rag,66.875,0.24988370420522732,0.249641887406094,0.2499959728603839,20,0.0003466470609095275,BCa
heatwave,modifier_rag,68.875,0.24998446425115786,0.24993842981425374,0.25,20,5.362598843662712e-05,BCa
heatwave,modifier_rag,70.875,0.24998446425115786,0.24993842981425374,0.25,20,5.362598843662712e-05,BCa
heatwave,modifier_total,0.875,0.6336000172023879,0.6186188826703181,0.6472689214044606,20,0.03298920482250606,BCa
heatwave,modifier_total,2.875,0.6115803488230591,0.5965199117414006,0.6248931297204007,20,0.03356583905747556,BCa
heatwave,modifier_total,4.875,0.6068953576496573,0.5894732812629315,0.6216372436284666,20,0.03754242440682549,BCa
heatwave,modifier_total,6.875,0.6161687940062531,0.5985682006181386,0.6310775966266056,20,0.0383492657214292,BCa
heatwave,modifier_total,8.875,0.6207938127095902,0.6037362898728431,0.6364683428393906,20,0.03768880730616564,BCa
heatwave,modifier_total,10.875,0.6416130600897316,0.6326722631844599,0.6512469396396396,20,0.021919288784523455,BCa
heatwave,modifier_total,12.875,0.5051075308336387,0.493402923608613,0.5241246770000613,20,0.03424488076904524,BCa
heatwave,modifier_total,14.875,0.5074220520436056,0.49645393486942957,0.5184895731593716,20,0.026080172075690737,BCa
heatwave,modifier_total,16.875,0.4989425194320994,0.4861592237450029,0.5117073716546737,20,0.03000731857415968,BCa
heatwave,modifier_total,18.875,0.3519521968389394,0.3202034028888936,0.37310019718231174,20,0.06006450422557661,BCa
heatwave,modifier_total,20.875,0.3523346498449925,0.32252486491260135,0.3730155411342329,20,0.05919879330076173,BCa
heatwave,modifier_total,22.875,0.3587433340811975,0.3373934657368301,0.39820648332983355,20,0.06570085946138034,BCa
heatwave,modifier_total,24.875,0.4010608473721649,0.37017493774847543,0.44300042222668706,20,0.08529542894962307,BCa
heatwave,modifier_total,26.875,0.4299182867859919,0.381540004334024,0.47621990696468686,20,0.109989863255232,BCa
heatwave,modifier_total,28.875,0.48962233507344954,0.44934320770061814,0.5166844252232988,20,0.0753620735260734,BCa
heatwave,modifier_total,30.875,0.6576535052915721,0.6479192950513393,0.666383196975674,20,0.02159326546669341,BCa
heatwave,modifier_total,32.875,0.6731507830780604,0.6620868355345898,0.6860520162553003,20,0.02824981788803784,BCa
heatwave,modifier_total,34.875,0.6935125464826457,0.6796400311040498,0.7092828516166031,20,0.03413234493127584,BCa
heatwave,modifier_total,36.875,0.7059135441202395,0.6928621140524996,0.7180421639676609,20,0.029802478804534252,BCa
heatwave,modifier_total,38.875,0.7360409014558935,0.7268535265530132,0.7437315962929605,20,0.019914474951667108,BCa
heatwave,modifier_total,40.875,0.7389318368158209,0.7311208727129563,0.7463923479127946,20,0.01800852938070017,BCa
heatwave,modifier_total,42.875,0.7394242036265386,0.7300014089051456,0.7471462827555949,20,0.019944958455016464,BCa
heatwave,modifier_total,44.875,0.7413630966356319,0.7320293562540151,0.7493029629101259,20,0.019921104263789107,BCa
heatwave,modifier_total,46.875,0.7472442562890419,0.736920211660568,0.7590910292127486,20,0.025783963256970077,BCa
heatwave,modifier_total,48.875,0.7575949931891509,0.746587553904349,0.7718178213600977,20,0.02917638225333022,BCa
heatwave,modifier_total,50.875,0.7586264109162659,0.7464405212115154,0.7744774613681732,20,0.03225663946887965,BCa
heatwave,modifier_total,52.875,0.7518533301093692,0.7322577883099433,0.7708802859631015,20,0.045416217905258745,BCa
heatwave,modifier_total,54.875,0.2567421743196793,0.2534200727097538,0.2615940885065746,20,0.009301128759446007,BCa
heatwave,modifier_total,56.875,0.2638472279405121,0.2590784298559748,0.27033189878627184,20,0.01321718974654873,BCa
heatwave,modifier_total,58.875,0.2590538297226912,0.2552117257248808,0.26496779447863755,20,0.011092743248751095,BCa
heatwave,modifier_total,60.875,0.26246314804938187,0.25825073411902444,0.26746389457088504,20,0.010769854588105993,BCa
heatwave,modifier_total,62.875,0.26414791020626904,0.25939985881122285,0.2688949480894179,20,0.011161389930549204,BCa
heatwave,modifier_total,64.875,0.26662988161193396,0.2610401199452116,0.2736315358174964,20,0.014557376219728269,BCa
heatwave,modifier_total,66.875,0.26762824277348846,0.2619564384612168,0.27553315093467745,20,0.015443291561868536,BCa
heatwave,modifier_total,68.875,0.26494308451196585,0.25970514959686863,0.2717711358838827,20,0.013966608604923629,BCa
heatwave,modifier_total,70.875,0.2687806297624757,0.2636598288313711,0.27535499351683873,20,0.013940140210878381,BCa
overproduction,disturbance,0.875,11.920125000000002,11.920125000000002,11.920125000000002,20,1.8225036628030615e-15,BCa
overproduction,disturbance,2.875,11.665750000000001,11.665750000000001,11.665750000000001,20,0.0,deterministic
overproduction,disturbance,4.875,11.411374999999998,11.411374999999998,11.411374999999998,20,1.8225036628030615e-15,BCa
overproduction,disturbance,6.875,12.696971875,11.751505592988222,15.112328125000001,20,3.344066677421475,BCa
overproduction,disturbance,8.875,15.153015624999998,12.673431249999998,18.459128125,20,7.343895109201152,BCa
overproduction,disturbance,10.875,17.78281875,14.84359390634769,21.026197582333772,20,7.32909193320272,BCa
overproduction,disturbance,12.875,19.736771875000002,16.359381250000002,22.916096875,20,7.774739900859559,BCa
overproduction,disturbance,14.875,21.529696875000006,17.885435607074992,24.384571363920077,20,7.211774039398583,BCa
overproduction,disturbance,16.875,23.9968,21.114346582642874,25.463340625,20,4.637941530912305,BCa
overproduction,disturbance,18.875,25.872812500000002,25.872812500000002,25.872812500000002,20,0.0,deterministic
overproduction,disturbance,20.875,25.694062499999994,25.694062499999994,25.694062499999994,20,7.290014651212246e-15,BCa
overproduction,disturbance,22.875,25.521875000000005,25.521875000000005,25.521875000000005,20,3.645007325606123e-15,BCa
overproduction,disturbance,24.875,35.39125,35.39125,35.39125,20,0.0,deterministic
overproduction,disturbance,26.875,34.790937500000005,34.790937500000005,34.790937500000005,20,7.290014651212246e-15,BCa
overproduction,disturbance,28.875,34.162187499999995,34.162187499999995,34.162187499999995,20,7.290014651212246e-15,BCa
overproduction,disturbance,30.875,33.74749999999999,33.74749999999999,33.74749999999999,20,1.4580029302424492e-14,BCa
overproduction,disturbance,32.875,33.223124999999996,33.223124999999996,33.223124999999996,20,0.0,deterministic
overproduction,disturbance,34.875,32.5375,32.5375,32.5375,20,7.290014651212246e-15,BCa
overproduction,disturbance,36.875,32.0334375,32.0334375,32.0334375,20,0.0,deterministic
overproduction,disturbance,38.875,31.729687499999994,31.729687499999994,31.729687499999994,20,7.290014651212246e-15,BCa
overproduction,disturbance,40.875,31.529374999999995,31.529374999999995,31.529374999999995,20,3.645007325606123e-15,BCa
overproduction,disturbance,42.875,31.357187500000002,31.357187500000002,31.357187500000002,20,0.0,deterministic
overproduction,disturbance,44.875,31.22249999999999,31.22249999999999,31.22249999999999,20,7.290014651212246e-15,BCa
overproduction,disturbance,46.875,31.018437499999997,31.018437499999997,31.018437499999997,20,0.0,deterministic
overproduction,disturbance,48.875,40.9078125,40.9078125,40.9078125,20,7.290014651212246e-15,BCa
overproduction,disturbance,50.875,40.087187500000006,40.087187500000006,40.087187500000006,20,7.290014651212246e-15,BCa
overproduction,disturbance,52.875,39.30875000000001,39.30875000000001,39.30875000000001,20,7.290014651212246e-15,BCa
overproduction,disturbance,54.875,36.788625,33.590812500000006,38.24026875,20,4.628155170794369,BCa
overproduction,disturbance,56.875,32.45990625,26.731687500000003,35.896837500000004,20,10.179311844363271,BCa
overproduction,disturbance,58.875,27.75003750000001,23.261684762201874,31.954488902675937,20,10.154004649822573,BCa
overproduction,disturbance,60.875,24.110984374999997,19.4187875,28.531474999999993,20,10.801103681762896,BCa
overproduction,disturbance,62.875,21.183487500000002,17.622553125000003,26.387878125000004,20,10.031190939336712,BCa
overproduction,disturbance,64.875,17.389646875000004,15.345493750000006,21.340886566273216,20,6.465316861131669,BCa
overproduction,disturbance,66.875,14.466124999999996,14.466124999999996,14.466124999999996,20,3.645007325606123e-15,BCa
overproduction,disturbance,68.875,14.412500000000003,14.412500000000003,14.412500000000003,20,1.8225036628030615e-15,BCa
overproduction,disturbance,70.875,14.33175,14.33175,14.33175,20,0.0,deterministic
overproduction,prob_no_context,0.875,0.3458183866622616,0.3161442281132322,0.3747457615781315,20,0.06761484060633974,BCa
overproduction,prob_no_context,2.875,0.32604005483663184,0.30284803478829614,0.3585527028227665,20,0.06377380229110978,BCa
overproduction,prob_no_context,4.875,0.3933942172976738,0.3635206531838176,0.42681657241981846,20,0.07362266153381448,BCa
overproduction,prob_no_context,6.875,0.45605308494686775,0.4259302015898991,0.49485081776157747,20,0.07940527181216309,BCa
overproduction,prob_no_context,8.875,0.39252205679063795,0.3481359389700481,0.4449595027555548,20,0.11175529054891604,BCa
overproduction,prob_no_context,10.875,0.4073582209982515,0.3488243291273285,0.4688110238244355,20,0.13990380117723242,BCa
overproduction,prob_no_context,12.875,0.622990521885543,0.5691923911501908,0.6735742851668318,20,0.12332278445556646,BCa
overproduction,prob_no_context,14.875,0.6951413369440547,0.6398624055464488,0.7431806139833671,20,0.1216833210334594,BCa
overproduction,prob_no_context,16.875,0.7229443844691567,0.6600908519476063,0.7592770052069516,20,0.10827488228770801,BCa
overproduction,prob_no_context,18.875,0.8102298586476421,0.7898462135746152,0.827703225497764,20,0.04415724364891818,BCa
overproduction,prob_no_context,20.875,0.7364152432105742,0.7051020017806474,0.7635259740979069,20,0.06890216503637792,BCa
overproduction,prob_no_context,22.875,0.7521202522895357,0.7184548516668843,0.776139981693506,20,0.06491491680353374,BCa
overproduction,prob_no_context,24.875,0.7083378213659376,0.6601429912735978,0.7359464642429417,20,0.08338928310872036,BCa
overproduction,prob_no_context,26.875,0.6872423351889673,0.6450102966937579,0.7197119652405315,20,0.08683587699218445,BCa
overproduction,prob_no_context,28.875,0.7961532292621584,0.7756287602006032,0.8168473111015652,20,0.048854446893803846,BCa
overproduction,prob_no_context,30.875,0.7924570689165706,0.7568387339516498,0.8147737761220514,20,0.06431238469278235,BCa
overproduction,prob_no_context,32.875,0.7219716028736997,0.6808263263843841,0.7524985779284062,20,0.08297974261654625,BCa
overproduction,prob_no_context,34.875,0.7508445426950361,0.7123040467178781,0.7780073232733937,20,0.07446154627096835,BCa
overproduction,prob_no_context,36.875,0.8711442940103608,0.8553261182485141,0.8854254635123092,20,0.03542819879168773,BCa
overproduction,prob_no_context,38.875,0.8949458187789471,0.8839600837774246,0.9058652849788057,20,0.026148207675967768,BCa
overproduction,prob_no_context,40.875,0.8714316229842766,0.8552423716422156,0.8849023970849729,20,0.034641323638605566,BCa
overproduction,prob_no_context,42.875,0.8849548990982001,0.8697133779552845,0.8966089748034125,20,0.030988215957780608,BCa
overproduction,prob_no_context,44.875,0.8765152498967265,0.8587094167847001,0.8903375053149317,20,0.0358127416854585,BCa
overproduction,prob_no_context,46.875,0.8163655412038098,0.7760652870621566,0.8381668081841002,20,0.06813633915629197,BCa
overproduction,prob_no_context,48.875,0.8068352508808928,0.7554914319740653,0.8327903875192437,20,0.08282296031864624,BCa
overproduction,prob_no_context,50.875,0.8131620724624522,0.7749062888751821,0.8379413724506727,20,0.07000460173633578,BCa
overproduction,prob_no_context,52.875,0.8727124194664218,0.8519343414095163,0.889314622831189,20,0.043667376758854334,BCa
overproduction,prob_no_context,54.875,0.8232182358325753,0.7995131820920346,0.8439414628283093,20,0.05237561299881397,BCa
overproduction,prob_no_context,56.875,0.7524146348276312,0.7134311899839554,0.781852161826692,20,0.07866343386228768,BCa
overproduction,prob_no_context,58.875,0.7593837969105763,0.7215612601881776,0.7889324377168001,20,0.07716755463522498,BCa
overproduction,prob_no_context,60.875,0.8114027295855685,0.7772669506713195,0.835807513928041,20,0.06752878197788854,BCa
overproduction,prob_no_context,62.875,0.8335168160328076,0.8126744231564405,0.8527224846105236,20,0.04636352354186654,BCa
overproduction,prob_no_context,64.875,0.8020644028256655,0.7784735069186872,0.8240268561822351,20,0.05388553460298852,BCa
overproduction,prob_no_context,66.875,0.7901220739412756,0.7696841555130802,0.8095564504404518,20,0.04704145123287889,BCa
overproduction,prob_no_context,68.875,0.7600637381429732,0.7393239685181423,0.7838131629310121,20,0.052080198547029645,BCa
overproduction,prob_no_context,70.875,0.6847038311252074,0.6345730722017083,0.7176832949615743,20,0.09328821813561432,BCa
overproduction,prob_agribrain,0.875,0.6054476295184698,0.5748480492801575,0.632320922422439,20,0.06739593435859911,BCa
overproduction,prob_agribrain,2.875,0.566255060084605,0.5388459003378541,0.5917972990164966,20,0.0627801103243249,BCa
overproduction,prob_agribrain,4.875,0.641676617232879,0.6142312843737464,0.6697453247538308,20,0.06507963404008006,BCa
overproduction,prob_agribrain,6.875,0.6944154359848793,0.6664264198560359,0.7237296105387453,20,0.06667268443162357,BCa
overproduction,prob_agribrain,8.875,0.6260979784241022,0.5825672089059867,0.6760269727933765,20,0.10924948044172647,BCa
overproduction,prob_agribrain,10.875,0.6566603908690204,0.5955412014728152,0.7148521562941892,20,0.1407776897161656,BCa
overproduction,prob_agribrain,12.875,0.7873240885420925,0.7452617597750454,0.8266529452631101,20,0.09578167960180636,BCa
overproduction,prob_agribrain,14.875,0.8362109946180775,0.7918735813994083,0.8690206822559181,20,0.08859816741069203,BCa
overproduction,prob_agribrain,16.875,0.8608011773351849,0.8101498829014535,0.8856963278365986,20,0.08036542407382227,BCa
overproduction,prob_agribrain,18.875,0.8834236451224647,0.8660815268994426,0.8959436457423191,20,0.034191747717613956,BCa
overproduction,prob_agribrain,20.875,0.8331489000915733,0.8081971750759583,0.8545429437606585,20,0.05405310046024264,BCa
overproduction,prob_agribrain,22.875,0.8603253147769895,0.8342174623598354,0.8752622178430586,20,0.045436483113768474,BCa
overproduction,prob_agribrain,24.875,0.8464582476442025,0.8153133170303671,0.8630815325687644,20,0.051649466363986415,BCa
overproduction,prob_agribrain,26.875,0.8208424060922793,0.7906862658023376,0.8411123055944939,20,0.05722528017469142,BCa
overproduction,prob_agribrain,28.875,0.887275965022625,0.8742931780926354,0.899558894904777,20,0.02984044270975999,BCa
overproduction,prob_agribrain,30.875,0.8915036701014669,0.8667013617306804,0.9041041149154857,20,0.04059473907884359,BCa
overproduction,prob_agribrain,32.875,0.8600056716045795,0.8358210774685734,0.878242929865227,20,0.04812723866030877,BCa
overproduction,prob_agribrain,34.875,0.8799020693172025,0.8585814132653227,0.8938371858800291,20,0.03979909980227314,BCa
overproduction,prob_agribrain,36.875,0.9551553357012772,0.9493995886221236,0.9604025824862078,20,0.012832378719875049,BCa
overproduction,prob_agribrain,38.875,0.965522934019225,0.9609486974368988,0.9719150943399493,20,0.012812591122879009,BCa
overproduction,prob_agribrain,40.875,0.9545984731567844,0.9488201729096596,0.9616649364044116,20,0.015078627330498088,BCa
overproduction,prob_agribrain,42.875,0.9590178632332644,0.9538210393614248,0.9650140581553704,20,0.013179477396025206,BCa
overproduction,prob_agribrain,44.875,0.9556412577185366,0.9503915791028134,0.9615761608951758,20,0.013001886943213765,BCa
overproduction,prob_agribrain,46.875,0.935235217893091,0.9159544955928782,0.9438926822015885,20,0.0289041993247022,BCa
overproduction,prob_agribrain,48.875,0.9395035099455749,0.922509185045425,0.9487174514795815,20,0.028588125812656642,BCa
overproduction,prob_agribrain,50.875,0.9343498597289489,0.9194623113406242,0.9439314785588767,20,0.02737876194661716,BCa
overproduction,prob_agribrain,52.875,0.9563049652909779,0.9499217876886222,0.9629621892911587,20,0.015410240612518113,BCa
overproduction,prob_agribrain,54.875,0.8713023462393933,0.8536292790404737,0.8871338906878411,20,0.03946226499452626,BCa
overproduction,prob_agribrain,56.875,0.8167130488994756,0.7815896096089905,0.8394098467454818,20,0.06395894635801058,BCa
overproduction,prob_agribrain,58.875,0.8224701842797686,0.791430390082003,0.8449584180349524,20,0.06163828420531141,BCa
overproduction,prob_agribrain,60.875,0.8624985649274487,0.835010549658583,0.8812072077259071,20,0.05288015582934878,BCa
overproduction,prob_agribrain,62.875,0.8798787357308564,0.8640397451641515,0.893990027705683,20,0.034794111393861356,BCa
overproduction,prob_agribrain,64.875,0.8565287010110676,0.8393332348416065,0.8730413679016679,20,0.03980406310999004,BCa
overproduction,prob_agribrain,66.875,0.8460508049853157,0.8304622089106921,0.8610315424249424,20,0.0357618364173617,BCa
overproduction,prob_agribrain,68.875,0.8224424231837508,0.8062960638690608,0.8399363294598305,20,0.03952303017959571,BCa
overproduction,prob_agribrain,70.875,0.7605405030059493,0.7152556365700926,0.7879964586178674,20,0.08072203101999229,BCa
overproduction,modifier_mcp,0.875,0.132086093898568,0.1190080257030861,0.14734319438804683,20,0.03299117120285917,BCa
overproduction,modifier_mcp,2.875,0.08332778826736799,0.06616755249234998,0.09726488611703471,20,0.03634385381287782,BCa
overproduction,modifier_mcp,4.875,0.1094074565619356,0.09256613567616175,0.12955344588584955,20,0.04304163893622439,BCa
overproduction,modifier_mcp,6.875,0.10828522710985422,0.08789445076746427,0.12793764161341106,20,0.04668144844840025,BCa
overproduction,modifier_mcp,8.875,0.09919815326060447,0.0808386676024188,0.1192265499450524,20,0.045383222778950266,BCa
overproduction,modifier_mcp,10.875,0.15602274394857504,0.12669179532957506,0.1920589024352922,20,0.0762504854885724,BCa
overproduction,modifier_mcp,12.875,0.11025386358261555,0.08813451452467719,0.13913173508087595,20,0.059432427308886,BCa
overproduction,modifier_mcp,14.875,0.12826531056096271,0.10198196154587531,0.15686916587636332,20,0.06389382846112088,BCa
overproduction,modifier_mcp,16.875,0.16548389464487887,0.13897539993813873,0.190789124296049,20,0.060586121614547205,BCa
overproduction,modifier_mcp,18.875,0.13774428746853445,0.08903727032762568,0.18644348849487416,20,0.111840026662852,BCa
overproduction,modifier_mcp,20.875,0.14094069740581663,0.09289358879554513,0.18942053533727946,20,0.1117498230641275,BCa
overproduction,modifier_mcp,22.875,0.22336698514060135,0.2072578816666589,0.2403340157356993,20,0.03856828176200468,BCa
overproduction,modifier_mcp,24.875,0.2605029754276422,0.25072872173829786,0.2705545880502979,20,0.02347776538522956,BCa
overproduction,modifier_mcp,26.875,0.217979309204312,0.20398170410853905,0.23406127294419746,20,0.03537416635024783,BCa
overproduction,modifier_mcp,28.875,0.22182852460728628,0.20535038533711128,0.2411387413962909,20,0.04155960732293026,BCa
overproduction,modifier_mcp,30.875,0.2894068843772638,0.26441398440450564,0.31199219027511743,20,0.05518884651614505,BCa
overproduction,modifier_mcp,32.875,0.32407585450244936,0.3073615740393935,0.3384050285099044,20,0.03591828605812994,BCa
overproduction,modifier_mcp,34.875,0.35743182408293495,0.3433777510811384,0.3715201780394284,20,0.032949081477199306,BCa
overproduction,modifier_mcp,36.875,0.3347887248839022,0.3219622350937915,0.34709378159489696,20,0.02970940624351216,BCa
overproduction,modifier_mcp,38.875,0.3972661010442485,0.38941045144517655,0.4103842459800188,20,0.02346925123411842,BCa
overproduction,modifier_mcp,40.875,0.33365286904296126,0.31238225764141747,0.3528478499155643,20,0.04745108637643695,BCa
overproduction,modifier_mcp,42.875,0.3438732748288905,0.32890656627105574,0.36581832149661997,20,0.04179974428920281,BCa
overproduction,modifier_mcp,44.875,0.32743403297318024,0.30591551353082164,0.3444097554426126,20,0.04473396974964517,BCa
overproduction,modifier_mcp,46.875,0.32202679468157275,0.29829523028147686,0.34368109290155463,20,0.05324056995356576,BCa
overproduction,modifier_mcp,48.875,0.38670234794051545,0.3699455151523607,0.40325660631632565,20,0.03952705844751553,BCa
overproduction,modifier_mcp,50.875,0.3402041706001093,0.32132803017703143,0.3619585350252827,20,0.04775178760462342,BCa
overproduction,modifier_mcp,52.875,0.33212984718653,0.3063938914889357,0.36134975050690815,20,0.06406300934313962,BCa
overproduction,modifier_mcp,54.875,0.0038791012278818525,0.001819396351472717,0.007633772030279251,20,0.006295784518304174,BCa
overproduction,modifier_mcp,56.875,0.006670100890889476,0.0037859751768174565,0.011557747706098354,20,0.008573043767055885,BCa
overproduction,modifier_mcp,58.875,0.007996922804104831,0.005500445599660296,0.011491987172369824,20,0.0068717607341632425,BCa
overproduction,modifier_mcp,60.875,0.008876682041607386,0.005342431367463448,0.013270251633443243,20,0.009201439495277266,BCa
overproduction,modifier_mcp,62.875,0.009187994293306908,0.005625967504912059,0.013721561154380212,20,0.009454638907802328,BCa
overproduction,modifier_mcp,64.875,0.011089622142605341,0.007331854923943597,0.015319585972543275,20,0.00932735043254093,BCa
overproduction,modifier_mcp,66.875,0.006819046270711263,0.0041947848467832624,0.009797125344069721,20,0.00664304333643838,BCa
overproduction,modifier_mcp,68.875,0.007579847885801244,0.00467772280699058,0.011852067731466114,20,0.008118985330655306,BCa
overproduction,modifier_mcp,70.875,0.00657370546398608,0.003731942819811237,0.010015444789073525,20,0.007481614471898384,BCa
overproduction,modifier_rag,0.875,0.5172174090816091,0.5156578739182648,0.5189341275399844,20,0.003837738836114446,BCa
overproduction,modifier_rag,2.875,0.5172174090816091,0.5156601252654639,0.5189839039779344,20,0.003837738836114446,BCa
overproduction,modifier_rag,4.875,0.5172174090816091,0.5156430428191807,0.5189082876106581,20,0.003837738836114446,BCa
overproduction,modifier_rag,6.875,0.5172174090816091,0.5156498826144229,0.5189466359299947,20,0.003837738836114446,BCa
overproduction,modifier_rag,8.875,0.5172174090816091,0.5156619694817952,0.5190125911456799,20,0.003837738836114446,BCa
overproduction,modifier_rag,10.875,0.5172174090816091,0.5156560175995445,0.5189510745061664,20,0.003837738836114446,BCa
overproduction,modifier_rag,12.875,0.43705218635712634,0.43594130227021666,0.43822789348314645,20,0.0026864171852801163,BCa
overproduction,modifier_rag,14.875,0.43705218635712634,0.435982691244694,0.43829611041400773,20,0.0026864171852801163,BCa
overproduction,modifier_rag,16.875,0.43705218635712634,0.43596579376809624,0.43826166125750154,20,0.0026864171852801163,BCa
overproduction,modifier_rag,18.875,0.24867691532258074,0.24864163306451617,0.24874747983870973,20,0.00012141457689722692,BCa
overproduction,modifier_rag,20.875,0.24872983870967746,0.24866809475806456,0.2488092237903226,20,0.00015778705486390189,BCa
overproduction,modifier_rag,22.875,0.24865927419354844,0.24861517137096784,0.24872101814516134,20,0.00012005794686620992,BCa
overproduction,modifier_rag,24.875,0.2492767137096774,0.24920614919354836,0.2493649193548387,20,0.00018896345582390813,BCa
overproduction,modifier_rag,26.875,0.24913558467741934,0.24903855846774192,0.24923261088709675,20,0.00023529241441468097,BCa
overproduction,modifier_rag,28.875,0.24915322580645158,0.24907384072580646,0.24923261088709675,20,0.00018634489798410148,BCa
overproduction,modifier_rag,30.875,0.2487399193548387,0.2485509072580645,0.2489386393699687,20,0.0004552473021469153,BCa
overproduction,modifier_rag,32.875,0.248828125,0.24866431451612908,0.24896673387096774,20,0.0003495386678132994,BCa
overproduction,modifier_rag,34.875,0.248765120967742,0.2486139112903226,0.24891633064516133,20,0.000364748128369901,BCa
overproduction,modifier_rag,36.875,0.5152012800493511,0.5136556923211636,0.5169511643326901,20,0.0038377388361144336,BCa
overproduction,modifier_rag,38.875,0.5152012800493511,0.5136360526765216,0.5169534814939597,20,0.0038377388361144336,BCa
overproduction,modifier_rag,40.875,0.5152012800493511,0.5136314808864562,0.5168934401268986,20,0.0038377388361144336,BCa
overproduction,modifier_rag,42.875,0.5152012800493511,0.5136140285112804,0.5169620726378219,20,0.0038377388361144336,BCa
overproduction,modifier_rag,44.875,0.5152012800493511,0.5136388200377221,0.5169037708289341,20,0.0038377388361144336,BCa
overproduction,modifier_rag,46.875,0.5152012800493511,0.5136447017329854,0.516942867989384,20,0.0038377388361144336,BCa
overproduction,modifier_rag,48.875,0.5152012800493511,0.513680525949876,0.5169148347212931,20,0.0038377388361144336,BCa
overproduction,modifier_rag,50.875,0.5152012800493511,0.5136326619796429,0.5169214669294797,20,0.0038377388361144336,BCa
overproduction,modifier_rag,52.875,0.5152012800493511,0.5136657458571708,0.5169136117158287,20,0.0038377388361144336,BCa
overproduction,modifier_rag,54.875,0.25,0.25,0.25,20,0.0,deterministic
overproduction,modifier_rag,56.875,0.25,0.25,0.25,20,0.0,deterministic
overproduction,modifier_rag,58.875,0.25,0.25,0.25,20,0.0,deterministic
overproduction,modifier_rag,60.875,0.25,0.25,0.25,20,0.0,deterministic
overproduction,modifier_rag,62.875,0.25,0.25,0.25,20,0.0,deterministic
overproduction,modifier_rag,64.875,0.25,0.25,0.25,20,0.0,deterministic
overproduction,modifier_rag,66.875,0.25,0.25,0.25,20,0.0,deterministic
overproduction,modifier_rag,68.875,0.25,0.25,0.25,20,0.0,deterministic
overproduction,modifier_rag,70.875,0.25,0.25,0.25,20,0.0,deterministic
overproduction,modifier_total,0.875,0.6493035029801771,0.6365580604295512,0.664796801823286,20,0.03296928895975408,BCa
overproduction,modifier_total,2.875,0.6005451973489772,0.5826972098226942,0.6146249191384189,20,0.03714179504905193,BCa
overproduction,modifier_total,4.875,0.6266248656435447,0.6090974654371841,0.6480627296003456,20,0.04497760211205056,BCa
overproduction,modifier_total,6.875,0.6255026361914633,0.6057027276668677,0.6441829521927089,20,0.045128879359337744,BCa
overproduction,modifier_total,8.875,0.6164155623422136,0.5976419839299835,0.6369119933250341,20,0.046096495443906475,BCa
overproduction,modifier_total,10.875,0.6732401530301841,0.6438024247951871,0.7094561305529866,20,0.07751015190185812,BCa
overproduction,modifier_total,12.875,0.5473060499397419,0.525688077009912,0.5777572425641768,20,0.05994510732977121,BCa
overproduction,modifier_total,14.875,0.565317496918089,0.5405075160977388,0.5952204949701471,20,0.0640723858357421,BCa
overproduction,modifier_total,16.875,0.6025360810020052,0.5762736522166025,0.6288153644993367,20,0.06104927395890121,BCa
overproduction,modifier_total,18.875,0.3864212027911151,0.3392890426113489,0.4351086542029441,20,0.11187643704961395,BCa
overproduction,modifier_total,20.875,0.389670536115494,0.34227792819957825,0.43849281632320153,20,0.11179487192643929,BCa
overproduction,modifier_total,22.875,0.47202625933414977,0.45568204764063525,0.48889293891782376,20,0.03854856995443176,BCa
overproduction,modifier_total,24.875,0.5097796891373199,0.4998046998931912,0.5200349126821465,20,0.02346732524293018,BCa
overproduction,modifier_total,26.875,0.46711489388173133,0.45283792394155925,0.48273446641907236,20,0.03533834092340853,BCa
overproduction,modifier_total,28.875,0.4709817504137379,0.45397046491890586,0.49003287732645345,20,0.041563766017602685,BCa
overproduction,modifier_total,30.875,0.5381468037321026,0.5142474982276813,0.5616698053855385,20,0.055154881368891816,BCa
overproduction,modifier_total,32.875,0.5729039795024494,0.556279317413176,0.5873907868937592,20,0.03589934679644968,BCa
overproduction,modifier_total,34.875,0.6061969450506769,0.5919093700771918,0.6206718139874678,20,0.03284257866026217,BCa
overproduction,modifier_total,36.875,0.8499900049332533,0.8373167951448863,0.8625005118777146,20,0.029498079192110446,BCa
overproduction,modifier_total,38.875,0.91226870976,0.9036503985979873,0.9257224946509821,20,0.025125803307693255,BCa
overproduction,modifier_total,40.875,0.8486838593777983,0.8274779235746688,0.8680928771496138,20,0.047986119988252855,BCa
overproduction,modifier_total,42.875,0.8587566469108585,0.8427194339588793,0.8808706627398587,20,0.04375053236820984,BCa
overproduction,modifier_total,44.875,0.842493404927103,0.821141433679476,0.8598908690956643,20,0.04504618462587277,BCa
overproduction,modifier_total,46.875,0.8369669300017121,0.8149298524179129,0.8598577736939712,20,0.05277394657332731,BCa
overproduction,modifier_total,48.875,0.9009895368535655,0.8826977801703516,0.918087902148387,20,0.04112935295547851,BCa
overproduction,modifier_total,50.875,0.8545197411322449,0.8347179231789275,0.8771933781351389,20,0.04921463932130937,BCa
overproduction,modifier_total,52.875,0.8464113259421391,0.8210059772834162,0.8762172174156672,20,0.06371134980060818,BCa
overproduction,modifier_total,54.875,0.2538791012278818,0.25181255760522137,0.2573913989754975,20,0.006295784518304169,BCa
overproduction,modifier_total,56.875,0.25667010089088943,0.25377494802926054,0.2613930065955481,20,0.008573043767055886,BCa
overproduction,modifier_total,58.875,0.25799692280410486,0.2555309038904681,0.26147184382763194,20,0.00687176073416325,BCa
overproduction,modifier_total,60.875,0.2588766820416074,0.25537768140098316,0.2632079224118113,20,0.00920143949527726,BCa
overproduction,modifier_total,62.875,0.2591879942933069,0.2556679084595664,0.26393648007653664,20,0.009454638907802324,BCa
overproduction,modifier_total,64.875,0.2610896221426054,0.25722204076050387,0.26522031046681976,20,0.009327350432540932,BCa
overproduction,modifier_total,66.875,0.2568190462707113,0.2542132440855077,0.2598958867891979,20,0.006643043336438376,BCa
overproduction,modifier_total,68.875,0.25757984788580124,0.25472979531536094,0.2618014083560088,20,0.008118985330655307,BCa
overproduction,modifier_total,70.875,0.2565737054639861,0.25379207842930085,0.26007686596331364,20,0.007481614471898389,BCa
cyber_outage,disturbance,0.875,1.7625,1.6625,1.85,20,0.21802039981809523,BCa
cyber_outage,disturbance,2.875,1.46875,1.4125,1.51875,20,0.12744322781454287,BCa
cyber_outage,disturbance,4.875,1.5875,1.525,1.65625,20,0.15228522408193187,BCa
cyber_outage,disturbance,6.875,1.525,1.41875,1.6375,20,0.25520889276702025,BCa
cyber_outage,disturbance,8.875,1.4875,1.40625,1.55625,20,0.17631087974311022,BCa
cyber_outage,disturbance,10.875,1.55625,1.49375,1.65,20,0.18351018184859733,BCa
cyber_outage,disturbance,12.875,5.54375,5.46875,5.61875,20,0.17337117923540143,BCa
cyber_outage,disturbance,14.875,5.4875,5.4125,5.55625,20,0.17158318528831493,BCa
cyber_outage,disturbance,16.875,5.56875,5.4875,5.6625,20,0.20063632325809377,BCa
cyber_outage,disturbance,18.875,5.03125,5.0125,5.0625,20,0.05553270728991491,BCa
cyber_outage,disturbance,20.875,5.05625,5.025,5.1,20,0.08579159264415746,BCa
cyber_outage,disturbance,22.875,6.225,6.15625,6.3125,20,0.17954621161490195,BCa
cyber_outage,disturbance,24.875,0.0,0.0,0.0,20,0.0,deterministic
cyber_outage,disturbance,26.875,0.0,0.0,0.0,20,0.0,deterministic
cyber_outage,disturbance,28.875,0.0,0.0,0.0,20,0.0,deterministic
cyber_outage,disturbance,30.875,0.0,0.0,0.0,20,0.0,deterministic
cyber_outage,disturbance,32.875,0.0,0.0,0.0,20,0.0,deterministic
cyber_outage,disturbance,34.875,0.0,0.0,0.0,20,0.0,deterministic
cyber_outage,disturbance,36.875,0.0,0.0,0.0,20,0.0,deterministic
cyber_outage,disturbance,38.875,0.0,0.0,0.0,20,0.0,deterministic
cyber_outage,disturbance,40.875,0.0,0.0,0.0,20,0.0,deterministic
cyber_outage,disturbance,42.875,0.0,0.0,0.0,20,0.0,deterministic
cyber_outage,disturbance,44.875,0.0,0.0,0.0,20,0.0,deterministic
cyber_outage,disturbance,46.875,0.0,0.0,0.0,20,0.0,deterministic
cyber_outage,disturbance,48.875,0.0,0.0,0.0,20,0.0,deterministic
cyber_outage,disturbance,50.875,0.0,0.0,0.0,20,0.0,deterministic
cyber_outage,disturbance,52.875,0.0,0.0,0.0,20,0.0,deterministic
cyber_outage,disturbance,54.875,0.0,0.0,0.0,20,0.0,deterministic
cyber_outage,disturbance,56.875,0.0,0.0,0.0,20,0.0,deterministic
cyber_outage,disturbance,58.875,0.0,0.0,0.0,20,0.0,deterministic
cyber_outage,disturbance,60.875,0.0,0.0,0.0,20,0.0,deterministic
cyber_outage,disturbance,62.875,0.0,0.0,0.0,20,0.0,deterministic
cyber_outage,disturbance,64.875,0.0,0.0,0.0,20,0.0,deterministic
cyber_outage,disturbance,66.875,0.0,0.0,0.0,20,0.0,deterministic
cyber_outage,disturbance,68.875,0.0,0.0,0.0,20,0.0,deterministic
cyber_outage,disturbance,70.875,0.0,0.0,0.0,20,0.0,deterministic
cyber_outage,prob_no_context,0.875,0.35470210299908056,0.3249231051031554,0.3832475266163332,20,0.0692821324797445,BCa
cyber_outage,prob_no_context,2.875,0.317042028662387,0.2917446551892949,0.34775071650201983,20,0.06510255648054497,BCa
cyber_outage,prob_no_context,4.875,0.39570451094161874,0.3721278087376688,0.4264152837870034,20,0.06191574969183066,BCa
cyber_outage,prob_no_context,6.875,0.4340796323203861,0.4063099201556554,0.4662075042956809,20,0.06941193827893245,BCa
cyber_outage,prob_no_context,8.875,0.33876058173392287,0.31292839143427215,0.3679197467993804,20,0.0644848796541616,BCa
cyber_outage,prob_no_context,10.875,0.32391119796627105,0.3020261695975652,0.35557782597544296,20,0.05995739173600629,BCa
cyber_outage,prob_no_context,12.875,0.4815396562359903,0.45446762903200594,0.5119986699918464,20,0.06761521375569597,BCa
cyber_outage,prob_no_context,14.875,0.5277027748178335,0.5021525037708318,0.5549080586260526,20,0.061602780541588686,BCa
cyber_outage,prob_no_context,16.875,0.5068731605886254,0.480351132821239,0.5350514670317803,20,0.06476452367792962,BCa
cyber_outage,prob_no_context,18.875,0.5927248755946529,0.5691459554071613,0.6208880697353611,20,0.06009939741584016,BCa
cyber_outage,prob_no_context,20.875,0.505093223158132,0.4619194130648422,0.5527010341998111,20,0.10712555181519025,BCa
cyber_outage,prob_no_context,22.875,0.5382020440540355,0.49702479916848896,0.575961489049522,20,0.09245851912644838,BCa
cyber_outage,prob_no_context,24.875,0.595815937396569,0.5398906435821365,0.6440342167949169,20,0.12166843820206377,BCa
cyber_outage,prob_no_context,26.875,0.6197894325389994,0.5783587143304845,0.6594663951354232,20,0.09537930678620346,BCa
cyber_outage,prob_no_context,28.875,0.7329828127811124,0.7088306073108251,0.7579843690810537,20,0.058131618980865954,BCa
cyber_outage,prob_no_context,30.875,0.7261661042201248,0.7039166885100356,0.7464278627183626,20,0.05074853895414455,BCa
cyber_outage,prob_no_context,32.875,0.6480045403650746,0.6103584968612135,0.6810133283532509,20,0.08315847805712624,BCa
cyber_outage,prob_no_context,34.875,0.6638733415559119,0.6296764275551457,0.6924738721188918,20,0.07359233409753259,BCa
cyber_outage,prob_no_context,36.875,0.8077170926997372,0.7883227223610465,0.824239676484621,20,0.0416368235013588,BCa
cyber_outage,prob_no_context,38.875,0.8411720982913936,0.82826332756323,0.8558508438130645,20,0.03219826283983742,BCa
cyber_outage,prob_no_context,40.875,0.8023675753254391,0.7869541238024498,0.8179951589646985,20,0.03678065849384926,BCa
cyber_outage,prob_no_context,42.875,0.812887994901214,0.7977460113917412,0.8290861104704862,20,0.036763285785474976,BCa
cyber_outage,prob_no_context,44.875,0.8026097312201834,0.7864139681458414,0.8203163605613146,20,0.03996624782205092,BCa
cyber_outage,prob_no_context,46.875,0.7286801542887913,0.6978410761196062,0.7580232593542467,20,0.06866698771463255,BCa
cyber_outage,prob_no_context,48.875,0.8242254556610081,0.7990093907577189,0.8446159756613087,20,0.05339018807600757,BCa
cyber_outage,prob_no_context,50.875,0.8227065033653982,0.7982723627080162,0.8408377007521018,20,0.049241809148327535,BCa
cyber_outage,prob_no_context,52.875,0.8734836611356698,0.8595178076109325,0.8874374010572676,20,0.0323364360105765,BCa
cyber_outage,prob_no_context,54.875,0.8140725900462027,0.7982478979873698,0.8318830689865508,20,0.039412250745567576,BCa
cyber_outage,prob_no_context,56.875,0.7604360262666381,0.7384866411551566,0.7833682265528921,20,0.05250962233232804,BCa
cyber_outage,prob_no_context,58.875,0.7737845662578225,0.7470014449823793,0.795331235346833,20,0.055142280181525366,BCa
cyber_outage,prob_no_context,60.875,0.832763887140801,0.8174827370765902,0.849568095999767,20,0.03733811547787,BCa
cyber_outage,prob_no_context,62.875,0.8382397897486811,0.8237667813054207,0.854044811165924,20,0.035723458907650274,BCa
cyber_outage,prob_no_context,64.875,0.8286023914164552,0.8122077992120383,0.8452585126729428,20,0.03890641084136045,BCa
cyber_outage,prob_no_context,66.875,0.8240426995247473,0.8080969359020773,0.8410534764295988,20,0.03887466153105776,BCa
cyber_outage,prob_no_context,68.875,0.810749066225517,0.7930604148013586,0.8307712592889374,20,0.04385743122225231,BCa
cyber_outage,prob_no_context,70.875,0.7679492026933439,0.7415338505465927,0.792484457480323,20,0.06002665426123044,BCa
cyber_outage,prob_agribrain,0.875,0.6104627374011365,0.5748004285385093,0.6385533055840371,20,0.07527165197182446,BCa
cyber_outage,prob_agribrain,2.875,0.5498396742762466,0.5182993943279086,0.5807385360669779,20,0.07325299953495078,BCa
cyber_outage,prob_agribrain,4.875,0.6393406596324461,0.6190106647537843,0.66223528603856,20,0.05021546990519227,BCa
cyber_outage,prob_agribrain,6.875,0.6676518400718285,0.6440947508831446,0.6935070135117578,20,0.057365469754136734,BCa
cyber_outage,prob_agribrain,8.875,0.5702137108935783,0.5376844638410345,0.5994556463383689,20,0.072206727145063,BCa
cyber_outage,prob_agribrain,10.875,0.562090346493836,0.5352674750730807,0.5961585378332989,20,0.07057869958224543,BCa
cyber_outage,prob_agribrain,12.875,0.6743666736261472,0.6528180807346562,0.6977159110096499,20,0.052667706394807466,BCa
cyber_outage,prob_agribrain,14.875,0.7096056425752106,0.6915513498668884,0.7304389951087465,20,0.045589494935632024,BCa
cyber_outage,prob_agribrain,16.875,0.6949658119388193,0.675362973241079,0.7163302566423929,20,0.04859297069704812,BCa
cyber_outage,prob_agribrain,18.875,0.7103256787241472,0.688372061560244,0.7336186255588505,20,0.05338812896814657,BCa
cyber_outage,prob_agribrain,20.875,0.6287842668732906,0.589918937868083,0.6724645434258615,20,0.09664216845109198,BCa
cyber_outage,prob_agribrain,22.875,0.6631416987659632,0.6232339025125471,0.7010309289109147,20,0.09140702318122036,BCa
cyber_outage,prob_agribrain,24.875,0.6840302154969635,0.6312872376689302,0.7264468552026536,20,0.11041370798127025,BCa
cyber_outage,prob_agribrain,26.875,0.7056621124506604,0.6685732046549853,0.7401905708466359,20,0.08403821115084141,BCa
cyber_outage,prob_agribrain,28.875,0.8011134022236371,0.7796417636375873,0.8206345498821895,20,0.04740716760113719,BCa
cyber_outage,prob_agribrain,30.875,0.7956386124369144,0.7774150367858152,0.8123943363661792,20,0.0409044604282813,BCa
cyber_outage,prob_agribrain,32.875,0.7288215317987848,0.6938956718046424,0.756554729563008,20,0.07317282503009369,BCa
cyber_outage,prob_agribrain,34.875,0.7428690881190154,0.7120943227644188,0.7665804294639568,20,0.06348252639258718,BCa
cyber_outage,prob_agribrain,36.875,0.8616305831833,0.8475545240443058,0.8743811478179622,20,0.03133391302517958,BCa
cyber_outage,prob_agribrain,38.875,0.8831739723974268,0.8730700205136618,0.8941514493210538,20,0.024623786127812165,BCa
cyber_outage,prob_agribrain,40.875,0.853470889921742,0.8412326295136958,0.8653357255742541,20,0.02873783811355384,BCa
cyber_outage,prob_agribrain,42.875,0.8620627473117846,0.8507721610527285,0.8750010085084111,20,0.02837807963101645,BCa
cyber_outage,prob_agribrain,44.875,0.854336468622303,0.8411842577409073,0.8678904612450365,20,0.03128192861083632,BCa
cyber_outage,prob_agribrain,46.875,0.7969219442722777,0.771252909665819,0.8199394685651868,20,0.055984998249780975,BCa
cyber_outage,prob_agribrain,48.875,0.8729925040129064,0.8529395287156871,0.8885583341948671,20,0.04086682631595606,BCa
cyber_outage,prob_agribrain,50.875,0.8714994017292975,0.8516967954475935,0.8850100090181748,20,0.03785892883193651,BCa
cyber_outage,prob_agribrain,52.875,0.908962408884172,0.8986732938566196,0.9193258181554192,20,0.023976236388271104,BCa
cyber_outage,prob_agribrain,54.875,0.8630111024335461,0.851256347907051,0.8771332149843745,20,0.0302584862727613,BCa
cyber_outage,prob_agribrain,56.875,0.8212729157858727,0.8027921584273542,0.8387263624525464,20,0.04204777054323828,BCa
cyber_outage,prob_agribrain,58.875,0.8314058240108991,0.80976900257357,0.8480950152080114,20,0.0441679932844517,BCa
cyber_outage,prob_agribrain,60.875,0.8770391370318572,0.8652386618701728,0.8895454089144005,20,0.02856827763042743,BCa
cyber_outage,prob_agribrain,62.875,0.8811756052596241,0.8699498864216905,0.8933322849804939,20,0.0271520553128775,BCa
cyber_outage,prob_agribrain,64.875,0.8738247775575756,0.8611054999486443,0.8864138731666968,20,0.02982646615252219,BCa
cyber_outage,prob_agribrain,66.875,0.8701719034717712,0.8575441142980339,0.882870171245415,20,0.029962772773225798,BCa
cyber_outage,prob_agribrain,68.875,0.8598714606821115,0.8461303508970743,0.8748998867392823,20,0.03394451749462697,BCa
cyber_outage,prob_agribrain,70.875,0.8269304537453206,0.805301694355863,0.8458529706858363,20,0.04793510949440126,BCa
cyber_outage,modifier_mcp,0.875,0.12830659367099506,0.11133146200786345,0.1433903413598365,20,0.037728510548793025,BCa
cyber_outage,modifier_mcp,2.875,0.07802484551535208,0.06840336829931531,0.08646209909810382,20,0.021271647490928174,BCa
cyber_outage,modifier_mcp,4.875,0.0977279087580521,0.08740103162348971,0.10927742938907564,20,0.025370643936239265,BCa
cyber_outage,modifier_mcp,6.875,0.08755181510470408,0.06976593489082605,0.10746951158964298,20,0.04290697405409518,BCa
cyber_outage,modifier_mcp,8.875,0.08123399063749887,0.06793409946442652,0.09362071773987056,20,0.02960387717349538,BCa
cyber_outage,modifier_mcp,10.875,0.09301113464881824,0.08218374517224085,0.10895619025294599,20,0.031001772203676857,BCa
cyber_outage,modifier_mcp,12.875,0.06510297636558784,0.05588285312096135,0.07397577740676857,20,0.021298231523023292,BCa
cyber_outage,modifier_mcp,14.875,0.059475579919076114,0.050373521441106926,0.067854321308999,20,0.020537786553624177,BCa
cyber_outage,modifier_mcp,16.875,0.06874397319914452,0.05956046676608511,0.07941878472313899,20,0.02366395864297501,BCa
cyber_outage,modifier_mcp,18.875,0.07716895342237974,0.048812076289384276,0.09994664314625852,20,0.05626240183577895,BCa
cyber_outage,modifier_mcp,20.875,0.07870565482302506,0.05457437135018173,0.10155831725795636,20,0.05662930656297285,BCa
cyber_outage,modifier_mcp,22.875,0.09069165291814894,0.07607306738957174,0.10583023298109917,20,0.03463295864915094,BCa
cyber_outage,modifier_mcp,24.875,0.0,0.0,0.0,20,0.0,deterministic
cyber_outage,modifier_mcp,26.875,0.0,0.0,0.0,20,0.0,deterministic
cyber_outage,modifier_mcp,28.875,0.0,0.0,0.0,20,0.0,deterministic
cyber_outage,modifier_mcp,30.875,0.0,0.0,0.0,20,0.0,deterministic
cyber_outage,modifier_mcp,32.875,0.0,0.0,0.0,20,0.0,deterministic
cyber_outage,modifier_mcp,34.875,0.0,0.0,0.0,20,0.0,deterministic
cyber_outage,modifier_mcp,36.875,0.0,0.0,0.0,20,0.0,deterministic
cyber_outage,modifier_mcp,38.875,0.0,0.0,0.0,20,0.0,deterministic
cyber_outage,modifier_mcp,40.875,0.0,0.0,0.0,20,0.0,deterministic
cyber_outage,modifier_mcp,42.875,0.0,0.0,0.0,20,0.0,deterministic
cyber_outage,modifier_mcp,44.875,0.0,0.0,0.0,20,0.0,deterministic
cyber_outage,modifier_mcp,46.875,0.0,0.0,0.0,20,0.0,deterministic
cyber_outage,modifier_mcp,48.875,0.0,0.0,0.0,20,0.0,deterministic
cyber_outage,modifier_mcp,50.875,0.0,0.0,0.0,20,0.0,deterministic
cyber_outage,modifier_mcp,52.875,0.0,0.0,0.0,20,0.0,deterministic
cyber_outage,modifier_mcp,54.875,0.0,0.0,0.0,20,0.0,deterministic
cyber_outage,modifier_mcp,56.875,0.0,0.0,0.0,20,0.0,deterministic
cyber_outage,modifier_mcp,58.875,0.0,0.0,0.0,20,0.0,deterministic
cyber_outage,modifier_mcp,60.875,0.0,0.0,0.0,20,0.0,deterministic
cyber_outage,modifier_mcp,62.875,0.0,0.0,0.0,20,0.0,deterministic
cyber_outage,modifier_mcp,64.875,0.0,0.0,0.0,20,0.0,deterministic
cyber_outage,modifier_mcp,66.875,0.0,0.0,0.0,20,0.0,deterministic
cyber_outage,modifier_mcp,68.875,0.0,0.0,0.0,20,0.0,deterministic
cyber_outage,modifier_mcp,70.875,0.0,0.0,0.0,20,0.0,deterministic
cyber_outage,modifier_rag,0.875,0.5094216677977752,0.5079448916637626,0.510069378996087,20,0.0021607026335361216,BCa
cyber_outage,modifier_rag,2.875,0.5094216677977752,0.5079070473374213,0.5100638993483944,20,0.0021607026335361216,BCa
cyber_outage,modifier_rag,4.875,0.5094216677977752,0.5078672688655703,0.5100656865301246,20,0.0021607026335361216,BCa
cyber_outage,modifier_rag,6.875,0.5094216677977752,0.5078817755302777,0.5100578178720797,20,0.0021607026335361216,BCa
cyber_outage,modifier_rag,8.875,0.5094216677977752,0.507917421861455,0.510077835224041,20,0.0021607026335361216,BCa
cyber_outage,modifier_rag,10.875,0.5094216677977752,0.5078871240828483,0.5100585242665133,20,0.0021607026335361216,BCa
cyber_outage,modifier_rag,12.875,0.4314923451880384,0.4304555677401037,0.43196614781124404,20,0.0015679032349441098,BCa
cyber_outage,modifier_rag,14.875,0.4314923451880384,0.43040439008670905,0.4319689683740177,20,0.0015679032349441098,BCa
cyber_outage,modifier_rag,16.875,0.4314923451880384,0.4304527677481801,0.4319782032961962,20,0.0015679032349441098,BCa
cyber_outage,modifier_rag,18.875,0.24688328955311203,0.24657627371148352,0.24704889691071588,20,0.0005091265399812681,BCa
cyber_outage,modifier_rag,20.875,0.24689181814701283,0.24659439275121714,0.2470584328376038,20,0.0005104290346752388,BCa
cyber_outage,modifier_rag,22.875,0.2468918280945994,0.24659474229287817,0.2470575334396547,20,0.0005154776721071766,BCa
cyber_outage,modifier_rag,24.875,0.24694362634245542,0.24663759509850414,0.24713891074851344,20,0.0005641690148604252,BCa
cyber_outage,modifier_rag,26.875,0.24693472391440893,0.24661539146207465,0.24709180781915344,20,0.0005093306361670379,BCa
cyber_outage,modifier_rag,28.875,0.24691765759709422,0.24661686500431115,0.2470780860552726,20,0.000503363749270517,BCa
cyber_outage,modifier_rag,30.875,0.24574310106004912,0.2454623336018671,0.24590189758313283,20,0.0004746446965282475,BCa
cyber_outage,modifier_rag,32.875,0.24571881920718516,0.24540373598058715,0.24588315063938074,20,0.0005150386597825665,BCa
cyber_outage,modifier_rag,34.875,0.2457432378441625,0.24543978231542404,0.24592833759425442,20,0.0005439048431229576,BCa
cyber_outage,modifier_rag,36.875,0.2496572590986526,0.2493473168326917,0.24982373633330676,20,0.0005148470629024073,BCa
cyber_outage,modifier_rag,38.875,0.2496572590986526,0.2493530229293293,0.24982068253797626,20,0.0005148470629024073,BCa
cyber_outage,modifier_rag,40.875,0.2496572590986526,0.24934501354032368,0.24982640248003263,20,0.0005148470629024073,BCa
cyber_outage,modifier_rag,42.875,0.2496572590986526,0.249338140075832,0.24982388480518444,20,0.0005148470629024073,BCa
cyber_outage,modifier_rag,44.875,0.2496572590986526,0.24934496464394118,0.24982268715135067,20,0.0005148470629024073,BCa
cyber_outage,modifier_rag,46.875,0.2496572590986526,0.249349744964788,0.2498228882618795,20,0.0005148470629024073,BCa
cyber_outage,modifier_rag,48.875,0.2496572590986526,0.24934212332406666,0.24982900960027432,20,0.0005148470629024073,BCa
cyber_outage,modifier_rag,50.875,0.2496572590986526,0.24935063765670953,0.24982227107551128,20,0.0005148470629024073,BCa
cyber_outage,modifier_rag,52.875,0.2496572590986526,0.24934645118034462,0.2498253110942567,20,0.0005148470629024073,BCa
cyber_outage,modifier_rag,54.875,0.2496572590986526,0.24935137489611467,0.24982479328864926,20,0.0005148470629024073,BCa
cyber_outage,modifier_rag,56.875,0.2496572590986526,0.2493432262011527,0.2498195517692282,20,0.0005148470629024073,BCa
cyber_outage,modifier_rag,58.875,0.2496572590986526,0.24935271558952313,0.24982224690865998,20,0.0005148470629024073,BCa
cyber_outage,modifier_rag,60.875,0.2496572590986526,0.2493554507845679,0.2498197393249233,20,0.0005148470629024073,BCa
cyber_outage,modifier_rag,62.875,0.2496572590986526,0.24935025128538696,0.2498239333843601,20,0.0005148470629024073,BCa
cyber_outage,modifier_rag,64.875,0.2496572590986526,0.249343719462926,0.24982151889946244,20,0.0005148470629024073,BCa
cyber_outage,modifier_rag,66.875,0.2496572590986526,0.24935594623387272,0.24982545681441098,20,0.0005148470629024073,BCa
cyber_outage,modifier_rag,68.875,0.2496572590986526,0.24935245620016855,0.2498176695913489,20,0.0005148470629024073,BCa
cyber_outage,modifier_rag,70.875,0.2496572590986526,0.2493463279291095,0.24982271596150293,20,0.0005148470629024073,BCa
cyber_outage,modifier_total,0.875,0.6377282614687703,0.6206348147290447,0.6523842541145513,20,0.03748023157185913,BCa
cyber_outage,modifier_total,2.875,0.5874465133131272,0.5775667302927837,0.5957507421248672,20,0.021129971155280074,BCa
cyber_outage,modifier_total,4.875,0.6071495765558272,0.5972159136745244,0.6189779231198252,20,0.025451077267247463,BCa
cyber_outage,modifier_total,6.875,0.5969734829024793,0.5794396414326843,0.6166190375558132,20,0.04367769574564829,BCa
cyber_outage,modifier_total,8.875,0.590655658435274,0.5774209680615702,0.6020726563071345,20,0.028863715950703812,BCa
cyber_outage,modifier_total,10.875,0.6024328024465935,0.5912956198012836,0.6184217390979732,20,0.03087118885639066,BCa
cyber_outage,modifier_total,12.875,0.49659532155362623,0.48730813346891066,0.5055678857307419,20,0.02106694659767962,BCa
cyber_outage,modifier_total,14.875,0.4909679251071145,0.4821013306429754,0.49937589772736,20,0.020302306312965045,BCa
cyber_outage,modifier_total,16.875,0.500236318387183,0.49088563598561485,0.5109136549150246,20,0.023275805618118456,BCa
cyber_outage,modifier_total,18.875,0.3240522429754918,0.2963114340939156,0.3469032643650276,20,0.056301215139458544,BCa
cyber_outage,modifier_total,20.875,0.3255974729700379,0.2968250545182263,0.34836800760495795,20,0.05664811283753217,BCa
cyber_outage,modifier_total,22.875,0.3375834810127484,0.32286549501298384,0.35236631972439886,20,0.03454403443730501,BCa
cyber_outage,modifier_total,24.875,0.24694362634245542,0.24663446105922895,0.24713528521205694,20,0.0005641690148604252,BCa
cyber_outage,modifier_total,26.875,0.24693472391440893,0.24662525405123428,0.24709855531539832,20,0.0005093306361670379,BCa
cyber_outage,modifier_total,28.875,0.24691765759709422,0.24660746803876096,0.2470741438795736,20,0.000503363749270517,BCa
cyber_outage,modifier_total,30.875,0.24574310106004912,0.24546860290007141,0.24590253730966677,20,0.0004746446965282475,BCa
cyber_outage,modifier_total,32.875,0.24571881920718516,0.24541384343382838,0.2458853531578852,20,0.0005150386597825665,BCa
cyber_outage,modifier_total,34.875,0.2457432378441625,0.24543018514403056,0.24592266013214567,20,0.0005439048431229576,BCa
cyber_outage,modifier_total,36.875,0.2496572590986526,0.24934833108532417,0.24982377434166786,20,0.0005148470629024073,BCa
cyber_outage,modifier_total,38.875,0.2496572590986526,0.24934768164378815,0.24982252929984777,20,0.0005148470629024073,BCa
cyber_outage,modifier_total,40.875,0.2496572590986526,0.24935172068550943,0.24982339153072364,20,0.0005148470629024073,BCa
cyber_outage,modifier_total,42.875,0.2496572590986526,0.24936198125068473,0.24982001665196094,20,0.0005148470629024073,BCa
cyber_outage,modifier_total,44.875,0.2496572590986526,0.24933973134560009,0.24982232875487098,20,0.0005148470629024073,BCa
cyber_outage,modifier_total,46.875,0.2496572590986526,0.24934660175129908,0.2498208037087526,20,0.0005148470629024073,BCa
cyber_outage,modifier_total,48.875,0.2496572590986526,0.24934088099971993,0.24981869637028054,20,0.0005148470629024073,BCa
cyber_outage,modifier_total,50.875,0.2496572590986526,0.24935870896479356,0.24982990080196185,20,0.0005148470629024073,BCa
cyber_outage,modifier_total,52.875,0.2496572590986526,0.24934528942102463,0.24982374124650353,20,0.0005148470629024073,BCa
cyber_outage,modifier_total,54.875,0.2496572590986526,0.2493533893270871,0.24982444996647238,20,0.0005148470629024073,BCa
cyber_outage,modifier_total,56.875,0.2496572590986526,0.2493606054396674,0.24982792225113076,20,0.0005148470629024073,BCa
cyber_outage,modifier_total,58.875,0.2496572590986526,0.24934834537644088,0.2498223472280308,20,0.0005148470629024073,BCa
cyber_outage,modifier_total,60.875,0.2496572590986526,0.2493688965317118,0.24982504900949204,20,0.0005148470629024073,BCa
cyber_outage,modifier_total,62.875,0.2496572590986526,0.2493461111973695,0.2498215144528106,20,0.0005148470629024073,BCa
cyber_outage,modifier_total,64.875,0.2496572590986526,0.24935214610529455,0.2498265367760018,20,0.0005148470629024073,BCa
cyber_outage,modifier_total,66.875,0.2496572590986526,0.24934118800273017,0.24981928206669124,20,0.0005148470629024073,BCa
cyber_outage,modifier_total,68.875,0.2496572590986526,0.24935411687139203,0.24982322149126024,20,0.0005148470629024073,BCa
cyber_outage,modifier_total,70.875,0.2496572590986526,0.24935026223456164,0.2498230198834275,20,0.0005148470629024073,BCa
