Setting,Base factor,Tool factor,Retrieval factor,Carbon,Labor,Comm-unity,Price,Waste penalty,Risk penalty
Nominal,1.00,1.00,1.00,0.3000,0.2000,0.2500,0.2500,0.50,0.50
Base prior −20%,0.80,1.00,1.00,0.3000,0.2000,0.2500,0.2500,0.50,0.50
Base prior +20%,1.20,1.00,1.00,0.3000,0.2000,0.2500,0.2500,0.50,0.50
Tool prior −20%,1.00,0.80,1.00,0.3000,0.2000,0.2500,0.2500,0.50,0.50
Tool prior +20%,1.00,1.20,1.00,0.3000,0.2000,0.2500,0.2500,0.50,0.50
Retrieval prior −20%,1.00,1.00,0.80,0.3000,0.2000,0.2500,0.2500,0.50,0.50
Retrieval prior +20%,1.00,1.00,1.20,0.3000,0.2000,0.2500,0.2500,0.50,0.50
Carbon −20%,1.00,1.00,1.00,0.2553,0.2128,0.2660,0.2660,0.50,0.50
Carbon +20%,1.00,1.00,1.00,0.3396,0.1887,0.2358,0.2358,0.50,0.50
Labor −20%,1.00,1.00,1.00,0.3125,0.1667,0.2604,0.2604,0.50,0.50
Labor +20%,1.00,1.00,1.00,0.2885,0.2308,0.2404,0.2404,0.50,0.50
Community −20%,1.00,1.00,1.00,0.3158,0.2105,0.2105,0.2632,0.50,0.50
Community +20%,1.00,1.00,1.00,0.2857,0.1905,0.2857,0.2381,0.50,0.50
Price −20%,1.00,1.00,1.00,0.3158,0.2105,0.2632,0.2105,0.50,0.50
Price +20%,1.00,1.00,1.00,0.2857,0.1905,0.2381,0.2857,0.50,0.50
Waste penalty −20%,1.00,1.00,1.00,0.3000,0.2000,0.2500,0.2500,0.40,0.50
Waste penalty +20%,1.00,1.00,1.00,0.3000,0.2000,0.2500,0.2500,0.60,0.50
Risk penalty −20%,1.00,1.00,1.00,0.3000,0.2000,0.2500,0.2500,0.50,0.40
Risk penalty +20%,1.00,1.00,1.00,0.3000,0.2000,0.2500,0.2500,0.50,0.60
Joint 10 A,1.10,0.90,1.10,0.2727,0.2222,0.2273,0.2778,0.45,0.55
Joint 10 B,0.90,1.10,0.90,0.3267,0.1782,0.2723,0.2228,0.55,0.45
Joint 20 A,1.20,0.80,1.20,0.2449,0.2449,0.2041,0.3061,0.40,0.60
Joint 20 B,0.80,1.20,0.80,0.3529,0.1569,0.2941,0.1961,0.60,0.40
