Setting,Static,No-Context,AGRI-BRAIN,Gain,95% BCa interval,Change from nominal
Nominal,0.4560,0.5870,0.6108,0.0238,"[0.0223, 0.0252]",0.000000
Base prior −20%,0.4560,0.5856,0.6102,0.0246,"[0.0234, 0.0257]",+0.000786
Base prior +20%,0.4560,0.5885,0.6110,0.0225,"[0.0212, 0.0237]",-0.001286
Tool prior −20%,0.4560,0.5870,0.6101,0.0231,"[0.0216, 0.0245]",-0.000700
Tool prior +20%,0.4560,0.5870,0.6115,0.0245,"[0.0228, 0.0260]",+0.000654
Retrieval prior −20%,0.4560,0.5870,0.6088,0.0219,"[0.0204, 0.0231]",-0.001960
Retrieval prior +20%,0.4560,0.5870,0.6128,0.0258,"[0.0241, 0.0273]",+0.001988
Carbon −20%,0.4518,0.5834,0.6074,0.0240,"[0.0224, 0.0254]",+0.000126
Carbon +20%,0.4597,0.5901,0.6139,0.0237,"[0.0222, 0.0251]",-0.000123
Labor −20%,0.4560,0.5871,0.6109,0.0238,"[0.0222, 0.0252]",-0.000042
Labor +20%,0.4559,0.5869,0.6108,0.0239,"[0.0223, 0.0253]",+0.000032
Community −20%,0.4580,0.5886,0.6124,0.0238,"[0.0222, 0.0252]",-0.000042
Community +20%,0.4541,0.5855,0.6093,0.0239,"[0.0223, 0.0252]",+0.000016
Price −20%,0.4580,0.5888,0.6125,0.0238,"[0.0222, 0.0252]",-0.000071
Price +20%,0.4541,0.5853,0.6092,0.0239,"[0.0223, 0.0253]",+0.000068
Waste penalty −20%,0.4560,0.5869,0.6107,0.0238,"[0.0222, 0.0252]",-0.000010
Waste penalty +20%,0.4560,0.5870,0.6109,0.0238,"[0.0223, 0.0252]",+0.000000
Risk penalty −20%,0.4560,0.5870,0.6108,0.0238,"[0.0223, 0.0252]",-0.000021
Risk penalty +20%,0.4560,0.5870,0.6108,0.0238,"[0.0223, 0.0252]",+0.000003
Joint 10 A,0.4540,0.5859,0.6098,0.0239,"[0.0223, 0.0252]",+0.000035
Joint 10 B,0.4580,0.5883,0.6118,0.0235,"[0.0220, 0.0248]",-0.000350
Joint 20 A,0.4519,0.5848,0.6089,0.0241,"[0.0226, 0.0253]",+0.000251
Joint 20 B,0.4599,0.5892,0.6123,0.0232,"[0.0219, 0.0243]",-0.000675
