setting,base_policy_factor,mcp_prior_factor,retrieval_prior_factor,w_c_factor,w_l_factor,w_r_factor,w_p_factor,eta_factor,eta_rho_factor,w_c,w_l,w_r,w_p,eta,eta_rho
nominal,1.0,1.0,1.0,1.0,1.0,1.0,1.0,1.0,1.0,0.3,0.2,0.25,0.25,0.5,0.5
base_policy_minus20,0.8,1.0,1.0,1.0,1.0,1.0,1.0,1.0,1.0,0.3,0.2,0.25,0.25,0.5,0.5
base_policy_plus20,1.2,1.0,1.0,1.0,1.0,1.0,1.0,1.0,1.0,0.3,0.2,0.25,0.25,0.5,0.5
mcp_prior_minus20,1.0,0.8,1.0,1.0,1.0,1.0,1.0,1.0,1.0,0.3,0.2,0.25,0.25,0.5,0.5
mcp_prior_plus20,1.0,1.2,1.0,1.0,1.0,1.0,1.0,1.0,1.0,0.3,0.2,0.25,0.25,0.5,0.5
retrieval_prior_minus20,1.0,1.0,0.8,1.0,1.0,1.0,1.0,1.0,1.0,0.3,0.2,0.25,0.25,0.5,0.5
retrieval_prior_plus20,1.0,1.0,1.2,1.0,1.0,1.0,1.0,1.0,1.0,0.3,0.2,0.25,0.25,0.5,0.5
w_c_minus20,1.0,1.0,1.0,0.8,1.0,1.0,1.0,1.0,1.0,0.2553191489361702,0.21276595744680854,0.26595744680851063,0.26595744680851063,0.5,0.5
w_c_plus20,1.0,1.0,1.0,1.2,1.0,1.0,1.0,1.0,1.0,0.33962264150943394,0.18867924528301888,0.23584905660377356,0.23584905660377356,0.5,0.5
w_l_minus20,1.0,1.0,1.0,1.0,0.8,1.0,1.0,1.0,1.0,0.3125,0.1666666666666667,0.2604166666666667,0.2604166666666667,0.5,0.5
w_l_plus20,1.0,1.0,1.0,1.0,1.2,1.0,1.0,1.0,1.0,0.28846153846153844,0.23076923076923075,0.24038461538461536,0.24038461538461536,0.5,0.5
w_r_minus20,1.0,1.0,1.0,1.0,1.0,0.8,1.0,1.0,1.0,0.3157894736842105,0.2105263157894737,0.2105263157894737,0.2631578947368421,0.5,0.5
w_r_plus20,1.0,1.0,1.0,1.0,1.0,1.2,1.0,1.0,1.0,0.2857142857142857,0.19047619047619047,0.2857142857142857,0.23809523809523808,0.5,0.5
w_p_minus20,1.0,1.0,1.0,1.0,1.0,1.0,0.8,1.0,1.0,0.3157894736842105,0.2105263157894737,0.2631578947368421,0.2105263157894737,0.5,0.5
w_p_plus20,1.0,1.0,1.0,1.0,1.0,1.0,1.2,1.0,1.0,0.2857142857142857,0.19047619047619047,0.23809523809523808,0.2857142857142857,0.5,0.5
eta_minus20,1.0,1.0,1.0,1.0,1.0,1.0,1.0,0.8,1.0,0.3,0.2,0.25,0.25,0.4,0.5
eta_plus20,1.0,1.0,1.0,1.0,1.0,1.0,1.0,1.2,1.0,0.3,0.2,0.25,0.25,0.6,0.5
eta_rho_minus20,1.0,1.0,1.0,1.0,1.0,1.0,1.0,1.0,0.8,0.3,0.2,0.25,0.25,0.5,0.4
eta_rho_plus20,1.0,1.0,1.0,1.0,1.0,1.0,1.0,1.0,1.2,0.3,0.2,0.25,0.25,0.5,0.6
joint10_A,1.1,0.9,1.1,0.9,1.1,0.9,1.1,0.9,1.1,0.2727272727272727,0.22222222222222224,0.22727272727272727,0.2777777777777778,0.45,0.55
joint10_B,0.9,1.1,0.9,1.1,0.9,1.1,0.9,1.1,0.9,0.32673267326732675,0.17821782178217824,0.2722772277227723,0.22277227722772278,0.55,0.45
joint20_A,1.2,0.8,1.2,0.8,1.2,0.8,1.2,0.8,1.2,0.24489795918367346,0.24489795918367346,0.20408163265306123,0.30612244897959184,0.4,0.6
joint20_B,0.8,1.2,0.8,1.2,0.8,1.2,0.8,1.2,0.8,0.3529411764705882,0.15686274509803924,0.29411764705882354,0.19607843137254902,0.6,0.4
