setting,family,scenario,comparator,static_ari,no_context_ari,agribrain_ari,mean_gain,ci_low,ci_high,ci_method,relative_gain_percent,change_from_nominal,change_ci_low,change_ci_high,change_ci_method,negative_seed_gains,mean_ranking_reversal
nominal,weights,heatwave,no_context,0.4013671880118978,0.5262549974650329,0.5477518499015416,0.02149685243650865,0.019879723946058393,0.023410969827333736,BCa,4.084873785533412,0.0,0.0,0.0,constant,0,False
nominal,weights,heatwave,static,0.4013671880118978,0.5262549974650329,0.5477518499015416,0.14638466188964377,0.14250945111455024,0.15005237785273984,BCa,36.47150695470016,0.0,0.0,0.0,constant,0,False
nominal,weights,overproduction,no_context,0.40881941006491773,0.541967209339349,0.5634918925756388,0.02152468323628991,0.0191111682152317,0.02416498065030379,BCa,3.971584048881521,0.0,0.0,0.0,constant,0,False
nominal,weights,overproduction,static,0.40881941006491773,0.541967209339349,0.5634918925756388,0.15467248251072113,0.15251124982100384,0.1567012673765621,BCa,37.83393809167725,0.0,0.0,0.0,constant,0,False
nominal,weights,cyber_outage,no_context,0.44576304554951324,0.5826842231561281,0.6030807258663562,0.020396502710228075,0.018848703461791953,0.02188126549619008,BCa,3.5004384707294376,0.0,0.0,0.0,constant,0,False
nominal,weights,cyber_outage,static,0.44576304554951324,0.5826842231561281,0.6030807258663562,0.15731768031684296,0.15337482571112526,0.1604426159393938,BCa,35.29177258803721,0.0,0.0,0.0,constant,0,False
nominal,weights,adaptive_pricing,no_context,0.5009169780365419,0.6298005484949085,0.6565053686277494,0.026704820132840833,0.02438514011001403,0.028580059712993974,BCa,4.240202743020749,0.0,0.0,0.0,constant,0,False
nominal,weights,adaptive_pricing,static,0.5009169780365419,0.6298005484949085,0.6565053686277494,0.15558839059120738,0.15152927286185966,0.15965696257459677,BCa,31.060714132923085,0.0,0.0,0.0,constant,0,False
nominal,weights,baseline,no_context,0.5230426202207794,0.6541542345570465,0.6832029938841035,0.02904875932705709,0.02606717021323114,0.030971104982499876,BCa,4.440659066699636,0.0,0.0,0.0,constant,0,False
nominal,weights,baseline,static,0.5230426202207794,0.6541542345570465,0.6832029938841035,0.16016037366332422,0.15612506639322235,0.16456895719172163,BCa,30.620903052932775,0.0,0.0,0.0,constant,0,False
nominal,weights,overall,no_context,0.45598184837673,0.5869722426024929,0.6108065661710779,0.023834323568584885,0.022280667479733184,0.025213856598260902,BCa,4.060553777280721,-2.5326962749261383e-17,-2.5326962749261383e-17,-2.5326962749261383e-17,constant,0,False
nominal,weights,overall,static,0.45598184837673,0.5869722426024929,0.6108065661710779,0.1548247177943479,0.1519089465361714,0.1572558705630855,BCa,33.9541405750065,-1.1102230246251566e-17,-1.1102230246251566e-17,-1.1102230246251566e-17,constant,0,False
base_policy_minus20,weights,heatwave,no_context,0.4013671880118978,0.5247313172238756,0.547388323512807,0.02265700628893144,0.021009160787322064,0.02438138959496619,BCa,4.317830010375553,0.0011601538524227933,-3.8679696752948746e-05,0.002333320907246525,BCa,0,False
base_policy_minus20,weights,heatwave,static,0.4013671880118978,0.5247313172238756,0.547388323512807,0.14602113550090912,0.14210469765004807,0.14989259258820284,BCa,36.38093492998251,-0.0003635263887346446,-0.0010337763351916168,0.00039233063847558233,BCa,0,False
base_policy_minus20,weights,overproduction,no_context,0.40881941006491773,0.5386614836300009,0.5619594535427453,0.0232979699127445,0.021322004256865677,0.025599653053492464,BCa,4.325159793445999,0.0017732866764545885,0.00065397825704049,0.0028078578807225014,BCa,0,False
base_policy_minus20,weights,overproduction,static,0.40881941006491773,0.5386614836300009,0.5619594535427453,0.15314004347782761,0.1510898066758462,0.15560995579615242,BCa,37.45909311241118,-0.0015324390328935178,-0.0024859996280421084,-0.0005746935634186924,BCa,0,False
base_policy_minus20,weights,cyber_outage,no_context,0.44576304554951324,0.5808184792859702,0.6009035307635511,0.020085051477580957,0.01885630669488398,0.0212425914708091,BCa,3.458059995314291,-0.0003114512326471197,-0.0012133478938629052,0.0004971191980863609,BCa,0,False
base_policy_minus20,weights,cyber_outage,static,0.44576304554951324,0.5808184792859702,0.6009035307635511,0.1551404852140379,0.1512202791318591,0.1581425052208798,BCa,34.80335275948882,-0.0021771951028050685,-0.002780568012708806,-0.0015945338141783185,BCa,0,False
base_policy_minus20,weights,adaptive_pricing,no_context,0.5009169780365419,0.6296751571315372,0.6570019185556084,0.027326761424071273,0.025371479364800612,0.02906213277688403,BCa,4.339818891467366,0.0006219412912304379,-9.765027193837681e-05,0.0014923752565414923,BCa,0,False
base_policy_minus20,weights,adaptive_pricing,static,0.5009169780365419,0.6296751571315372,0.6570019185556084,0.1560849405190665,0.1520510753146967,0.16013541299713563,BCa,31.15984232175099,0.0004965499278591079,-4.130255321890829e-05,0.0010863150385571076,BCa,0,False
base_policy_minus20,weights,baseline,no_context,0.5230426202207794,0.6539251391710555,0.6836618600535439,0.029736720882488177,0.027269519029177278,0.03185046018565215,BCa,4.547419742905704,0.000687961555431088,-0.00035878854085349813,0.0018017926948478776,BCa,0,False
base_policy_minus20,weights,baseline,static,0.5230426202207794,0.6539251391710555,0.6836618600535439,0.16061923983276438,0.15671678473235662,0.1652469723747076,BCa,30.708633220934473,0.00045886616944019744,-0.00015720577413025642,0.0012756209863808124,BCa,0,False
base_policy_minus20,weights,overall,no_context,0.45598184837673,0.5855623152884879,0.610183017285651,0.024620701997163274,0.02335441088608321,0.02573303991862875,BCa,4.204625426592461,0.0007863784285783628,0.00015435780003726993,0.0012816896604058755,BCa,0,False
base_policy_minus20,weights,overall,static,0.45598184837673,0.5855623152884879,0.610183017285651,0.1542011689089211,0.1513508073697917,0.1567338402564491,BCa,33.81739195493608,-0.0006235488854267612,-0.0009589755070264058,-0.00027195342098971896,BCa,0,False
base_policy_plus20,weights,heatwave,no_context,0.4013671880118978,0.5278029166692294,0.5480591970368525,0.020256280367623093,0.018708174360410876,0.02188357505533956,BCa,3.8378492668159256,-0.0012405720688855536,-0.0020772675973009633,-0.0004499550449658169,BCa,0,False
base_policy_plus20,weights,heatwave,static,0.4013671880118978,0.5278029166692294,0.5480591970368525,0.1466920090249547,0.14269003089910076,0.15054865739075382,BCa,36.5480820072931,0.0003073471353108981,-0.0004051884640366542,0.0007452562119590561,BCa,0,False
base_policy_plus20,weights,overproduction,no_context,0.40881941006491773,0.5456225389214213,0.5642612909311293,0.018638752009708003,0.01642433706213081,0.020687759745400262,BCa,3.4160524318795216,-0.002885931226581906,-0.003882871647124706,-0.0018529099222754004,BCa,0,False
base_policy_plus20,weights,overproduction,static,0.40881941006491773,0.5456225389214213,0.5642612909311293,0.15544188086621163,0.15304424590192167,0.15785616834845098,BCa,38.02213814689682,0.0007693983554905026,-2.7434555375299052e-05,0.0013417509529589575,BCa,0,False
base_policy_plus20,weights,cyber_outage,no_context,0.44576304554951324,0.5850100691812355,0.6044861899817927,0.019476120800557228,0.0180849341265671,0.02068399932029933,BCa,3.3291941158919682,-0.0009203819096708476,-0.0019675649390061166,0.0006561978761330375,BCa,0,False
base_policy_plus20,weights,cyber_outage,static,0.44576304554951324,0.5850100691812355,0.6044861899817927,0.15872314443227947,0.15496931210182874,0.16166761744933267,BCa,35.60706658323682,0.0014054641154364945,0.0005646457079272771,0.0020658325465102464,BCa,0,False
base_policy_plus20,weights,adaptive_pricing,no_context,0.5009169780365419,0.6291861858279612,0.655650152705682,0.02646396687772108,0.024599986175897877,0.028077163077141754,BCa,4.206062922836825,-0.0002408532551197551,-0.0011626488611327507,0.0006980373483657929,BCa,0,False
base_policy_plus20,weights,adaptive_pricing,static,0.5009169780365419,0.6291861858279612,0.655650152705682,0.1547331746691402,0.15087805644326718,0.1589030511406789,BCa,30.889984059963805,-0.0008552159220671818,-0.0014736259807166512,-0.00018842780884209822,BCa,0,False
base_policy_plus20,weights,baseline,no_context,0.5230426202207794,0.6548727747985581,0.6827803185945696,0.02790754379601155,0.025685491081549647,0.029949741338856098,BCa,4.261521454239114,-0.0011412155310455419,-0.0020799746389087684,-3.907764945828456e-06,BCa,0,False
base_policy_plus20,weights,baseline,static,0.5230426202207794,0.6548727747985581,0.6827803185945696,0.15973769837379026,0.15513602622463296,0.16400632271633184,BCa,30.54009218337963,-0.00042267528953394696,-0.0014031685817253612,9.640660143523678e-05,BCa,0,False
base_policy_plus20,weights,overall,no_context,0.45598184837673,0.5884988970796811,0.6110474298500052,0.02254853277032417,0.02120245726003336,0.023726124165280468,BCa,3.8315335648405067,-0.0012857907982607418,-0.0017138954530202097,-0.0008923587835025103,BCa,0,False
base_policy_plus20,weights,overall,static,0.45598184837673,0.5884988970796811,0.6110474298500052,0.15506558147327526,0.1520341942031074,0.1574550243390046,BCa,34.00696365991324,0.0002408636789273444,-9.662943402641443e-05,0.0005111829196052064,BCa,0,False
mcp_prior_minus20,weights,heatwave,no_context,0.4013671880118978,0.5262549974650329,0.546780991483199,0.020525994018166033,0.01890970616850864,0.022420945324699938,BCa,3.900389377210596,-0.0009708584183426155,-0.0013218938137718316,-0.0006792967197845768,BCa,0,False
mcp_prior_minus20,weights,heatwave,static,0.4013671880118978,0.5262549974650329,0.546780991483199,0.1454138034713012,0.14137251414634075,0.14916955506796467,BCa,36.22961911549946,-0.0009708584183426155,-0.0013218938137718316,-0.0006792967197845768,BCa,0,False
mcp_prior_minus20,weights,overproduction,no_context,0.40881941006491773,0.541967209339349,0.5629003047505757,0.02093309541122685,0.01855641089000052,0.02349256686508402,BCa,3.8624283998185094,-0.0005915878250630612,-0.0008859455771649905,-0.000367241083816528,BCa,0,False
mcp_prior_minus20,weights,overproduction,static,0.40881941006491773,0.541967209339349,0.5629003047505757,0.15408089468565805,0.15169809682626664,0.15613950490240752,BCa,37.68923169797419,-0.0005915878250630612,-0.0008859455771649905,-0.000367241083816528,BCa,0,False
mcp_prior_minus20,weights,cyber_outage,no_context,0.44576304554951324,0.5826842231561281,0.6027845501784062,0.02010032702227803,0.01857432940787641,0.0216433891855663,BCa,3.449608934562181,-0.00029617568795004543,-0.0006700366598981896,-0.0001118278445274179,BCa,0,False
mcp_prior_minus20,weights,cyber_outage,static,0.44576304554951324,0.5826842231561281,0.6027845501784062,0.15702150462889292,0.15305407846675476,0.15992338815871648,BCa,35.22533018306286,-0.00029617568795004543,-0.0006700366598981896,-0.0001118278445274179,BCa,0,False
mcp_prior_minus20,weights,adaptive_pricing,no_context,0.5009169780365419,0.6298005484949085,0.6554628388644284,0.025662290369519735,0.023448343548878217,0.027523276796292264,BCa,4.074669422065007,-0.0010425297633210983,-0.001612721531431229,-0.0007096471752760216,BCa,0,False
mcp_prior_minus20,weights,adaptive_pricing,static,0.5009169780365419,0.6298005484949085,0.6554628388644284,0.1545458608278863,0.15026202685732398,0.15868799126801372,BCa,30.852589871012952,-0.0010425297633210983,-0.001612721531431229,-0.0007096471752760216,BCa,0,False
mcp_prior_minus20,weights,baseline,no_context,0.5230426202207794,0.6541542345570465,0.6826060846302175,0.028451850073171147,0.025560981093713252,0.030450163953895822,BCa,4.349410058078583,-0.0005969092538859411,-0.000923470366882868,-0.0003293878634386047,BCa,0,False
mcp_prior_minus20,weights,baseline,static,0.5230426202207794,0.6541542345570465,0.6826060846302175,0.1595634644094383,0.15534699517835632,0.1640689470719352,BCa,30.506780564475918,-0.0005969092538859411,-0.000923470366882868,-0.0003293878634386047,BCa,0,False
mcp_prior_minus20,weights,overall,no_context,0.45598184837673,0.5869722426024929,0.6101069539813653,0.023134711378872342,0.02160587324142821,0.02446717149945398,BCa,3.9413637817520346,-0.0006996121897125705,-0.000922489985634252,-0.0005493638111863217,BCa,0,False
mcp_prior_minus20,weights,overall,static,0.45598184837673,0.5869722426024929,0.6101069539813653,0.15412510560463533,0.15104763387708134,0.1565609347212786,BCa,33.80071074173504,-0.0006996121897125563,-0.0009224899856342168,-0.0005493638111862889,BCa,0,False
mcp_prior_plus20,weights,heatwave,no_context,0.4013671880118978,0.5262549974650329,0.5485441314330292,0.022289133967996096,0.020642705823571264,0.02409404592473543,BCa,4.235424665867824,0.0007922815314874487,0.00047436241548536983,0.0011634662078151153,BCa,0,False
mcp_prior_plus20,weights,heatwave,static,0.4013671880118978,0.5262549974650329,0.5485441314330292,0.14717694342113125,0.14340799400560256,0.15075995155194083,BCa,36.66890264501852,0.0007922815314874487,0.00047436241548536983,0.0011634662078151153,BCa,0,False
mcp_prior_plus20,weights,overproduction,no_context,0.40881941006491773,0.541967209339349,0.5642294821753231,0.02226227283597418,0.019651047454995185,0.02525148469635421,BCa,4.107678924544457,0.0007375895996842685,0.00042430240780811593,0.0011509886327900735,BCa,0,False
mcp_prior_plus20,weights,overproduction,static,0.40881941006491773,0.541967209339349,0.5642294821753231,0.1554100721104054,0.15339199499808168,0.1574457119035373,BCa,38.014357509524146,0.0007375895996842685,0.00042430240780811593,0.0011509886327900735,BCa,0,False
mcp_prior_plus20,weights,cyber_outage,no_context,0.44576304554951324,0.5826842231561281,0.603234227561748,0.020550004405619975,0.01895200907870861,0.022051446161964153,BCa,3.526782361518252,0.00015350169539189994,3.844959222754629e-05,0.0003384258716740918,BCa,0,False
mcp_prior_plus20,weights,cyber_outage,static,0.44576304554951324,0.5826842231561281,0.603234227561748,0.15747118201223487,0.15364232016004176,0.1605491681570013,BCa,35.32620830381143,0.00015350169539189994,3.844959222754629e-05,0.0003384258716740918,BCa,0,False
mcp_prior_plus20,weights,adaptive_pricing,no_context,0.5009169780365419,0.6298005484949085,0.657291437421949,0.027490888927040512,0.025049561196143922,0.029453566291600827,BCa,4.3650150817966065,0.0007860687941996791,0.0005258655122996143,0.0011068758968686184,BCa,0,False
mcp_prior_plus20,weights,adaptive_pricing,static,0.5009169780365419,0.6298005484949085,0.657291437421949,0.1563744593854071,0.152504062049768,0.16032116467537574,BCa,31.217640096439208,0.0007860687941996791,0.0005258655122996143,0.0011068758968686184,BCa,0,False
mcp_prior_plus20,weights,baseline,no_context,0.5230426202207794,0.6541542345570465,0.6840055410989753,0.029851306541928784,0.026739967073613993,0.031867435413503654,BCa,4.5633437750567,0.0008025472148716961,0.0005435254518691464,0.0011091957361080255,BCa,0,False
mcp_prior_plus20,weights,baseline,static,0.5230426202207794,0.6541542345570465,0.6840055410989753,0.16096292087819591,0.15695046852614603,0.1652005564336802,BCa,30.774341259274912,0.0008025472148716961,0.0005435254518691464,0.0011091957361080255,BCa,0,False
mcp_prior_plus20,weights,overall,no_context,0.45598184837673,0.5869722426024929,0.6114609639382049,0.0244887213357119,0.022837774663625163,0.025982651826604804,BCa,4.172040781201993,0.0006543977671269876,0.0004987928044113608,0.0008322101191775567,BCa,0,False
mcp_prior_plus20,weights,overall,static,0.45598184837673,0.5869722426024929,0.6114609639382049,0.15547911556147492,0.15268407468950324,0.15780741999612707,BCa,34.09765457001675,0.0006543977671270018,0.0004987928044113787,0.0008322101191776077,BCa,0,False
retrieval_prior_minus20,weights,heatwave,no_context,0.4013671880118978,0.5262549974650329,0.5459746944582409,0.01971969699320787,0.018130479341671727,0.02143005025534619,BCa,3.7471752454983855,-0.0017771554433007792,-0.0022790432920363575,-0.0013743426975456772,BCa,0,False
retrieval_prior_minus20,weights,heatwave,static,0.4013671880118978,0.5262549974650329,0.5459746944582409,0.14460750644634307,0.14049870478410856,0.1485112934447321,BCa,36.02873148715297,-0.0017771554433007792,-0.0022790432920363575,-0.0013743426975456772,BCa,0,False
retrieval_prior_minus20,weights,overproduction,no_context,0.40881941006491773,0.541967209339349,0.561765803913951,0.0197985945746021,0.017596192193383237,0.022369815317449863,BCa,3.6530982379425367,-0.001726088661687808,-0.0023564712871959217,-0.00130724791259144,BCa,0,False
retrieval_prior_minus20,weights,overproduction,static,0.40881941006491773,0.541967209339349,0.561765803913951,0.15294639384903327,0.15057591281794475,0.1551120985435666,BCa,37.41172510002556,-0.001726088661687808,-0.0023564712871959217,-0.00130724791259144,BCa,0,False
retrieval_prior_minus20,weights,cyber_outage,no_context,0.44576304554951324,0.5826842231561281,0.6015171553708761,0.018832932214748088,0.017406340101511812,0.02021575896036518,BCa,3.232099217092046,-0.0015635704954799878,-0.0018718839613049278,-0.0012635274230474386,BCa,0,False
retrieval_prior_minus20,weights,cyber_outage,static,0.44576304554951324,0.5826842231561281,0.6015171553708761,0.155754109821363,0.15171192322034005,0.1587356447493921,BCa,34.94100988774373,-0.0015635704954799878,-0.0018718839613049278,-0.0012635274230474386,BCa,0,False
retrieval_prior_minus20,weights,adaptive_pricing,no_context,0.5009169780365419,0.6298005484949085,0.654006589011193,0.024206040516284527,0.022173447524149438,0.025891729636759373,BCa,3.843445448583984,-0.002498779616556307,-0.0031317678425844034,-0.0019268344998552736,BCa,0,False
retrieval_prior_minus20,weights,adaptive_pricing,static,0.5009169780365419,0.6298005484949085,0.654006589011193,0.15308961097465107,0.14889106676336972,0.15720585525739492,BCa,30.561873062222933,-0.002498779616556307,-0.0031317678425844034,-0.0019268344998552736,BCa,0,False
retrieval_prior_minus20,weights,baseline,no_context,0.5230426202207794,0.6541542345570465,0.6809695013459269,0.026815266788880555,0.023943105979141985,0.028775179111126155,BCa,4.099226967022269,-0.0022334925381765347,-0.002722736492102279,-0.0017298812598828149,BCa,0,False
retrieval_prior_minus20,weights,baseline,static,0.5230426202207794,0.6541542345570465,0.6809695013459269,0.1579268811251477,0.15375950317504306,0.16259265963333774,BCa,30.19388382890974,-0.0022334925381765347,-0.002722736492102279,-0.0017298812598828149,BCa,0,False
retrieval_prior_minus20,weights,overall,no_context,0.45598184837673,0.5869722426024929,0.6088467488200376,0.02187450621754462,0.02043184881193805,0.02310213523081092,BCa,3.7266679120222705,-0.0019598173510402914,-0.002248391970449938,-0.001716023642553923,BCa,0,False
retrieval_prior_minus20,weights,overall,static,0.45598184837673,0.5869722426024929,0.6088467488200376,0.1528649004433076,0.14980420316181076,0.15536462054894673,BCa,33.524338959434054,-0.001959817351040277,-0.002248391970449922,-0.001716023642553915,BCa,0,False
retrieval_prior_plus20,weights,heatwave,no_context,0.4013671880118978,0.5262549974650329,0.549435118974204,0.023180121509171085,0.021492761586846456,0.02498856251902335,BCa,4.4047318544868155,0.0016832690726624356,0.001269994116448517,0.00212224701716202,BCa,0,False
retrieval_prior_plus20,weights,heatwave,static,0.4013671880118978,0.5262549974650329,0.549435118974204,0.14806793096230625,0.1440875942578088,0.15180313807828175,BCa,36.89089078151477,0.0016832690726624356,0.001269994116448517,0.00212224701716202,BCa,0,False
retrieval_prior_plus20,weights,overproduction,no_context,0.40881941006491773,0.541967209339349,0.5648667011670727,0.022899491827723783,0.02031301735760392,0.02590797163137625,BCa,4.2252541174286105,0.0013748085914338736,0.0010471610229982244,0.0017712819934877267,BCa,0,False
retrieval_prior_plus20,weights,overproduction,static,0.40881941006491773,0.541967209339349,0.5648667011670727,0.15604729110215498,0.15395783194868876,0.15809900369922858,BCa,38.170225596034136,0.0013748085914338736,0.0010471610229982244,0.0017712819934877267,BCa,0,False
retrieval_prior_plus20,weights,cyber_outage,no_context,0.44576304554951324,0.5826842231561281,0.6046319712274586,0.02194774807133055,0.0205316788859084,0.023313183071109224,BCa,3.766662490439479,0.0015512453611024712,0.0011848273457518517,0.0019401978497283218,BCa,0,False
retrieval_prior_plus20,weights,cyber_outage,static,0.44576304554951324,0.5826842231561281,0.6046319712274586,0.15886892567794544,0.15510086329916517,0.16184978852506113,BCa,35.63977033630057,0.0015512453611024712,0.0011848273457518517,0.0019401978497283218,BCa,0,False
retrieval_prior_plus20,weights,adaptive_pricing,no_context,0.5009169780365419,0.6298005484949085,0.6591071056024771,0.029306557107568503,0.0267828754323884,0.031363589712354,BCa,4.653307650748326,0.0026017369747276696,0.002224046519298521,0.0030430940510345994,BCa,0,False
retrieval_prior_plus20,weights,adaptive_pricing,static,0.5009169780365419,0.6298005484949085,0.6591071056024771,0.15819012756593503,0.15431887060359992,0.1621211973448215,BCa,31.58010898053351,0.0026017369747276696,0.002224046519298521,0.0030430940510345994,BCa,0,False
retrieval_prior_plus20,weights,baseline,no_context,0.5230426202207794,0.6541542345570465,0.6859337671381571,0.031779532581110694,0.028513728263453806,0.03402981100008163,BCa,4.858110045351898,0.0027307732540536034,0.0020391815798585225,0.0034089435336103983,BCa,0,False
retrieval_prior_plus20,weights,baseline,static,0.5230426202207794,0.6541542345570465,0.6859337671381571,0.16289114691737785,0.1593331110910446,0.16706426961097157,BCa,31.142996884005463,0.0027307732540536034,0.0020391815798585225,0.0034089435336103983,BCa,0,False
retrieval_prior_plus20,weights,overall,no_context,0.45598184837673,0.5869722426024929,0.6127949328218738,0.025822690219380894,0.024133904461319543,0.027308928353862845,BCa,4.39930346704119,0.001988366650795983,0.0017964072221910554,0.002249286015320383,BCa,0,False
retrieval_prior_plus20,weights,overall,static,0.45598184837673,0.5869722426024929,0.6127949328218738,0.15681308444514389,0.154068767961091,0.15910642433098318,BCa,34.39020325115786,0.0019883666507959975,0.0017964072221910675,0.0022492860153204095,BCa,0,False
w_c_minus20,weights,heatwave,no_context,0.3981564674327326,0.523354699413276,0.5449052402539731,0.021550540840697113,0.01992655272869326,0.02348988773949407,BCa,4.117769624474006,5.368840418846499e-05,-0.00010761167161804661,9.943670315338163e-05,BCa,0,False
w_c_minus20,weights,heatwave,static,0.3981564674327326,0.523354699413276,0.5449052402539731,0.14674877282124055,0.14286463537295951,0.15043480435142687,BCa,36.85706118688963,0.00036411093159671173,0.000327177766732091,0.00040852293352003496,BCa,0,False
w_c_minus20,weights,overproduction,no_context,0.4053016116675673,0.538927958001773,0.5605181840472715,0.02159022604549852,0.019182177367097243,0.024242811766708783,BCa,4.006143256243442,6.554280920860745e-05,-2.52826137763875e-06,8.89695122872176e-05,BCa,0,False
w_c_minus20,weights,overproduction,static,0.4053016116675673,0.538927958001773,0.5605181840472715,0.1552165723797043,0.15303630549508151,0.1572430469171322,BCa,38.29655937983651,0.0005440898689831692,0.0004870711856727261,0.0005783193774166518,BCa,0,False
w_c_minus20,weights,cyber_outage,no_context,0.4419557406252677,0.5793326777730863,0.5998477231795881,0.02051504540650188,0.018954263496330098,0.022011979907248923,BCa,3.5411510853073676,0.00011854269627380454,0.00010036312490907099,0.00013474057677363127,BCa,0,False
w_c_minus20,weights,cyber_outage,static,0.4419557406252677,0.5793326777730863,0.5998477231795881,0.1578919825543204,0.15392729267006305,0.16102683190794914,BCa,35.72574537236214,0.0005743022374774364,0.00054091678549748,0.0006032372362381259,BCa,0,False
w_c_minus20,weights,adaptive_pricing,no_context,0.4958895537804466,0.6256824252705817,0.6525589277441319,0.026876502473550234,0.024495072674221477,0.028758083985091092,BCa,4.295550168590282,0.00017168234070940035,5.1872182719140844e-05,0.00025927774283419306,BCa,0,False
w_c_minus20,weights,adaptive_pricing,static,0.4958895537804466,0.6256824252705817,0.6525589277441319,0.1566693739636853,0.1525966726029325,0.16075103172975194,BCa,31.59360239982997,0.0010809833724779254,0.0010263397389148699,0.0012091533847297651,BCa,0,False
w_c_minus20,weights,baseline,no_context,0.5174968470692638,0.6496835534885677,0.6789521204255002,0.029268566936932618,0.026300231880985077,0.031241059881296808,BCa,4.505049693773363,0.0002198076098755275,0.00011206377002557142,0.0003534348892131452,BCa,0,False
w_c_minus20,weights,baseline,static,0.5174968470692638,0.6496835534885677,0.6789521204255002,0.16145527335623655,0.15736840585740697,0.16587219612389023,BCa,31.199276724216784,0.0012948996929123351,0.0012238879839727575,0.001456154623943099,BCa,0,False
w_c_minus20,weights,overall,no_context,0.4517600441150556,0.583396262789457,0.6073564391300929,0.02396017634063608,0.02240500968112826,0.025353605090218057,BCa,4.107015740223059,0.00012585277205116839,9.118749795526407e-05,0.00015593983400179459,BCa,0,False
w_c_minus20,weights,overall,static,0.4517600441150556,0.583396262789457,0.6073564391300929,0.15559639501503741,0.15264724817831302,0.1580342115784634,BCa,34.44226576518787,0.0007716772206895151,0.0007379960797593716,0.0008069609752786233,BCa,0,False
w_c_plus20,weights,heatwave,no_context,0.40421377685879245,0.5288237852376553,0.5502127805894537,0.02138899535179835,0.019771292982764917,0.023232328672366444,BCa,4.044635651587808,-0.00010785708471029998,-0.000229449546883586,9.932916216112855e-06,BCa,0,False
w_c_plus20,weights,heatwave,static,0.40421377685879245,0.5288237852376553,0.5502127805894537,0.14599900373066124,0.1421334677710463,0.1496518196777832,BCa,36.11925473328544,-0.0003856581589825825,-0.0005195726581052127,-0.0003227285144400114,BCa,0,False
w_c_plus20,weights,overproduction,no_context,0.41193879816392476,0.544662677655001,0.5661152996677631,0.021452622012762074,0.01904473145226021,0.024089345801270007,BCa,3.9386987382951446,-7.206122352783617e-05,-8.544910722335007e-05,-5.9271843191587e-05,BCa,0,False
w_c_plus20,weights,overproduction,static,0.41193879816392476,0.544662677655001,0.5661152996677631,0.15417650150383827,0.15202327662137255,0.15620101448393647,BCa,37.42704066502765,-0.0004959810068828147,-0.0005228083854408004,-0.0004738298194170892,BCa,0,False
w_c_plus20,weights,cyber_outage,no_context,0.4491391550945947,0.5856554756548011,0.6059470110879837,0.020291535433182732,0.018752633413325545,0.021763523453101587,BCa,3.464756375836061,-0.00010496727704534248,-0.00011918484714522767,-8.909866979469027e-05,BCa,0,False
w_c_plus20,weights,cyber_outage,static,0.4491391550945947,0.5856554756548011,0.6059470110879837,0.15680785599338914,0.15287912685860555,0.15993428638525975,BCa,34.912978353081535,-0.0005098243234538197,-0.0005341263089948756,-0.0004807458077104693,BCa,0,False
w_c_plus20,weights,adaptive_pricing,no_context,0.505374918744127,0.6334127829476753,0.6600383756269121,0.026625592679236875,0.024305034773637015,0.02851783937352057,BCa,4.203513632189572,-7.922745360395833e-05,-0.00015304171204275478,7.872450729912687e-05,BCa,0,False
w_c_plus20,weights,adaptive_pricing,static,0.505374918744127,0.6334127829476753,0.6600383756269121,0.15466345688278524,0.15062402846369138,0.1587256351905908,BCa,30.603706505089118,-0.0009249337084221404,-0.0009590035783946261,-0.0008910695387856425,BCa,0,False
w_c_plus20,weights,baseline,no_context,0.5279603313835365,0.6581378095712969,0.6869370334560858,0.028799223884788894,0.025887299001007075,0.030717854252585913,BCa,4.375865277144367,-0.000249535442268195,-0.0003907770659196611,-0.00018300187029357296,BCa,0,False
w_c_plus20,weights,baseline,static,0.5279603313835365,0.6581378095712969,0.6869370334560858,0.15897670207254935,0.15498242113872251,0.16334885931419266,BCa,30.1114861519891,-0.001183671590774843,-0.001324424906366935,-0.0011026896350573051,BCa,0,False
w_c_plus20,weights,overall,no_context,0.459725396048995,0.5901385062132859,0.6138501000856397,0.023711593872353793,0.022158209810990433,0.02509202324848071,BCa,4.017970971679659,-0.00012272969623111952,-0.00015783284503191936,-8.896346320007813e-05,BCa,0,False
w_c_plus20,weights,overall,static,0.459725396048995,0.5901385062132859,0.6138501000856397,0.1541247040366447,0.15121620478045994,0.15654802048774188,BCa,33.525383927282306,-0.0007000137577032439,-0.000727395175966828,-0.0006721440643026651,BCa,0,False
w_l_minus20,weights,heatwave,no_context,0.40126373839013574,0.5262814271744541,0.5477140850402875,0.021432657865833378,0.019800921267733765,0.023350235185047107,BCa,4.0724708794879785,-6.419457067527168e-05,-0.00016890839239651426,-3.2007791989787514e-05,BCa,0,False
w_l_minus20,weights,heatwave,static,0.40126373839013574,0.5262814271744541,0.5477140850402875,0.14645034665015175,0.14258746424981936,0.15013028790863633,BCa,36.49727913060582,6.568476050796967e-05,-3.009369833501233e-05,9.86348076469787e-05,BCa,0,False
w_l_minus20,weights,overproduction,no_context,0.4087875760415879,0.5419761333858294,0.5634764240583985,0.021500290672569145,0.019094192378459853,0.02412813949781182,BCa,3.96701798255445,-2.439256372076537e-05,-7.686039181308077e-05,2.677037036939432e-05,BCa,0,False
w_l_minus20,weights,overproduction,static,0.4087875760415879,0.5419761333858294,0.5634764240583985,0.15468884801681065,0.15253610321409453,0.15671887819723138,BCa,37.84088780650061,1.6365506089574545e-05,-4.919192983533841e-05,3.3999700009821644e-05,BCa,0,False
w_l_minus20,weights,cyber_outage,no_context,0.44571979924555477,0.5827299678271387,0.6030944328921626,0.020364465065023808,0.01881782911795256,0.021847940708052578,BCa,3.494665829690903,-3.2037645204269215e-05,-3.676335362874811e-05,-2.7270479246062043e-05,BCa,0,False
w_l_minus20,weights,cyber_outage,static,0.44571979924555477,0.5827299678271387,0.6030944328921626,0.15737463364660778,0.15343567484738382,0.16050099920810856,BCa,35.307974631817366,5.695332976483058e-05,4.774428302148941e-05,6.899168775203901e-05,BCa,0,False
w_l_minus20,weights,adaptive_pricing,no_context,0.5010910876908758,0.6299621809524923,0.6566307675799172,0.026668586627424967,0.0243509686911823,0.028541051722043277,BCa,4.233363118259339,-3.62335054158669e-05,-4.2491306963612356e-05,-3.0511358592813456e-05,BCa,0,False
w_l_minus20,weights,adaptive_pricing,static,0.5010910876908758,0.6299621809524923,0.6566307675799172,0.15553967988904147,0.1514872985540739,0.15960529187620542,BCa,31.040200815743546,-4.8710702165929987e-05,-5.819900784545724e-05,-3.7757171003650027e-05,BCa,0,False
w_l_minus20,weights,baseline,no_context,0.5233128504799184,0.6543699977587204,0.6833672909648594,0.028997293206138936,0.02603885055235991,0.030908209085879643,BCa,4.43132987536981,-5.146612091815328e-05,-9.740665398616574e-05,-8.355765184733925e-06,BCa,0,False
w_l_minus20,weights,baseline,static,0.5233128504799184,0.6543699977587204,0.6833672909648594,0.16005444048494102,0.15603832351850971,0.164447267829483,BCa,30.5848481148817,-0.00010593317838317184,-0.0001596711594580763,-8.345253892230499e-05,BCa,0,False
w_l_minus20,weights,overall,no_context,0.45603501036961447,0.587063941419727,0.6108566001071252,0.02379265868739804,0.022244367681340485,0.025175323509488236,BCa,4.05282236034784,-4.166488118687341e-05,-6.0640934214678654e-05,-2.7415170579746184e-05,BCa,0,False
w_l_minus20,weights,overall,static,0.45603501036961447,0.587063941419727,0.6108566001071252,0.15482158973751053,0.15190912527622236,0.15725264125490995,BCa,33.94949646783221,-3.128056837353732e-06,-1.840570484071522e-05,6.556300864192966e-06,BCa,0,False
w_l_plus20,weights,heatwave,no_context,0.4014628505360148,0.5262399717720215,0.5477071206262534,0.02146714885423195,0.019873758489710052,0.023291850375647436,BCa,4.079345926905755,-2.970358227669667e-05,-0.00017754518153810555,3.6006760335643866e-05,BCa,0,False
w_l_plus20,weights,heatwave,static,0.4014628505360148,0.5262399717720215,0.5477071206262534,0.1462442700902386,0.14237089379952084,0.14990642799046372,BCa,36.42784628639485,-0.00014039179940519841,-0.0003116122592196908,-7.141430404433913e-05,BCa,0,False
w_l_plus20,weights,overproduction,no_context,0.4088488070585189,0.541958596951364,0.5634915193578126,0.02153292240644864,0.019121706991998444,0.024175903854474476,BCa,3.9731674204590637,8.239170158730324e-06,-5.1946736960823726e-05,2.447591127219692e-05,BCa,0,False
w_l_plus20,weights,overproduction,static,0.4088488070585189,0.541958596951364,0.5634915193578126,0.15464271229929363,0.15247775903139693,0.15667416170824966,BCa,37.823936288790364,-2.9770211427473935e-05,-3.5995543174089356e-05,-2.1964428327899165e-05,BCa,0,False
w_l_plus20,weights,cyber_outage,no_context,0.44580319082540587,0.5826409686471001,0.6030671780310219,0.02042620938392185,0.018876029799111488,0.02191115003385418,BCa,3.505796962982499,2.9706673693774554e-05,2.5365571472058323e-05,3.440078480544659e-05,BCa,0,False
w_l_plus20,weights,cyber_outage,static,0.44580319082540587,0.5826409686471001,0.6030671780310219,0.15726398720561602,0.15331257048810598,0.16039088763774956,BCa,35.276550379651006,-5.369311122690179e-05,-6.56670912367684e-05,-4.445598353378522e-05,BCa,0,False
w_l_plus20,weights,adaptive_pricing,no_context,0.5007557227719253,0.6296514850909873,0.6563900395746114,0.026738554483624,0.024421299691140628,0.028616243708439508,BCa,4.2465641893563015,3.3734350783165555e-05,2.8695142316890967e-05,3.944084277987692e-05,BCa,0,False
w_l_plus20,weights,adaptive_pricing,static,0.5007557227719253,0.6296514850909873,0.6563900395746114,0.15563431680268608,0.15157325518798026,0.15970220890294884,BCa,31.079887802614582,4.5926211478702904e-05,3.504009635850812e-05,5.4631850596382635e-05,BCa,0,False
w_l_plus20,weights,baseline,no_context,0.5227932131273612,0.6539407934664203,0.6831071920810333,0.02916639861461299,0.026177085058852946,0.03111037292881632,BCa,4.460097749829499,0.00011763928755589848,6.103393451295744e-05,0.0002612446479899704,BCa,0,False
w_l_plus20,weights,baseline,static,0.5227932131273612,0.6539407934664203,0.6831071920810333,0.1603139789536722,0.15627663121124788,0.16471065687959538,BCa,30.664892911419077,0.00015360529034795788,9.713245049018967e-05,0.00029601333076101973,BCa,0,False
w_l_plus20,weights,overall,no_context,0.45593275686384516,0.5868863631855786,0.6107526099341466,0.023866246748567875,0.02231872730550695,0.025250014632177936,BCa,4.066587374602391,3.192317998296466e-05,6.657929450142184e-06,5.7172608388032174e-05,BCa,0,False
w_l_plus20,weights,overall,static,0.45593275686384516,0.5868863631855786,0.6107526099341466,0.1548198530703013,0.1518941881872973,0.1572531253639342,BCa,33.95672952635317,-4.864724046590996e-06,-3.960295670517528e-05,2.0449704761196857e-05,BCa,0,False
w_r_minus20,weights,heatwave,no_context,0.40300803337592805,0.5275878293186056,0.5490533281337406,0.021465498815134987,0.01985975382304651,0.02330193138391508,BCa,4.068611446715569,-3.135362137366149e-05,-0.0001547278199502711,9.527185475371449e-05,BCa,0,False
w_r_minus20,weights,heatwave,static,0.40300803337592805,0.5275878293186056,0.5490533281337406,0.1460452947578126,0.14218404759336445,0.14970226028100966,BCa,36.23880485319775,-0.0003393671318312086,-0.0004974548326923309,-0.0002659970159568119,BCa,0,False
w_r_minus20,weights,overproduction,no_context,0.4105752446360369,0.5434229348291033,0.5649114051030738,0.02148847027397035,0.019086096582726426,0.024124714972330742,BCa,3.9542810758857803,-3.6212962319559507e-05,-8.806584938394127e-05,-1.2101835109281508e-05,BCa,0,False
w_r_minus20,weights,overproduction,static,0.4105752446360369,0.5434229348291033,0.5649114051030738,0.1543361604670369,0.15218080275332652,0.15636795766285852,BCa,37.59022553925565,-0.0003363220436841868,-0.0003511161532128822,-0.00032390344739130917,BCa,0,False
w_r_minus20,weights,cyber_outage,no_context,0.447668396660731,0.5842556645804013,0.6046204644303211,0.02036479984991984,0.018809850623586304,0.02186098528010903,BCa,3.485597330844085,-3.170286030823588e-05,-8.85999890308069e-05,5.676499349709658e-06,BCa,0,False
w_r_minus20,weights,cyber_outage,static,0.447668396660731,0.5842556645804013,0.6046204644303211,0.15695206776959017,0.15300656714033561,0.1600813710505974,BCa,35.059894542553,-0.0003656125472527999,-0.0003860455450297347,-0.0003223531388709149,BCa,0,False
w_r_minus20,weights,adaptive_pricing,no_context,0.5033155276804908,0.6316922104197455,0.6583426023180732,0.02665039189832751,0.024339598053251758,0.028520638606555265,BCa,4.218888797222766,-5.442823451332623e-05,-6.47368077988898e-05,-4.4587339609532985e-05,BCa,0,False
w_r_minus20,weights,adaptive_pricing,static,0.5033155276804908,0.6316922104197455,0.6583426023180732,0.15502707463758225,0.1509699559174704,0.15909910768279698,BCa,30.80117065968901,-0.0005613159536251577,-0.0005896791776300682,-0.0005395577474679041,BCa,0,False
w_r_minus20,weights,baseline,no_context,0.5256500227049206,0.6561658594918731,0.6851595089214852,0.028993649429612096,0.026058648311169805,0.030920273552222325,BCa,4.418646445894705,-5.510989744499373e-05,-0.0001612035526136723,8.847122167645829e-06,BCa,0,False
w_r_minus20,weights,baseline,static,0.5256500227049206,0.6561658594918731,0.6851595089214852,0.1595094862165646,0.15548261240255876,0.1639051090148377,BCa,30.345187734559847,-0.0006508874467596404,-0.0007650689439353086,-0.0005806013389975097,BCa,0,False
w_r_minus20,weights,overall,no_context,0.4580434450116214,0.5886248997279457,0.6124174617813387,0.023792562053392936,0.022240640576275797,0.025165962357248498,BCa,4.042058374423088,-4.176151519197681e-05,-7.491959247326432e-05,-1.5504955402894174e-05,BCa,0,False
w_r_minus20,weights,overall,static,0.4580434450116214,0.5886248997279457,0.6124174617813387,0.1543740167697173,0.15145262923576192,0.1567965745917922,BCa,33.70292020351924,-0.00045070102463061755,-0.0004841103485328995,-0.00042293267636915035,BCa,0,False
w_r_plus20,weights,heatwave,no_context,0.39988290935795334,0.5250522641984228,0.5464963884679527,0.021444124269529873,0.019821499969546744,0.023384002407416886,BCa,4.084188514502989,-5.272816697877436e-05,-0.00019790930342678393,1.2533656900133881e-05,BCa,0,False
w_r_plus20,weights,heatwave,static,0.39988290935795334,0.5250522641984228,0.5464963884679527,0.14661347910999925,0.142736941797698,0.15028743340110456,BCa,36.6641023357062,0.00022881722035544838,0.0001233558896018552,0.0002662735663298355,BCa,0,False
w_r_plus20,weights,overproduction,no_context,0.4072299567587305,0.5406575216073899,0.5621920927439307,0.021534571136540715,0.019130733945413786,0.02417125666299457,BCa,3.9830336721327457,9.887900250804549e-06,-4.6182406702895095e-05,5.399275150558394e-05,BCa,0,False
w_r_plus20,weights,overproduction,static,0.4072299567587305,0.5406575216073899,0.5621920927439307,0.1549621359852001,0.15279829953595017,0.1569863272432897,BCa,38.052734926131606,0.00028965347447898194,0.00023266629989054339,0.0003100324159174825,BCa,0,False
w_r_plus20,weights,cyber_outage,no_context,0.444040146813073,0.581277512172962,0.6016984671993054,0.02042095502634351,0.018869230248748984,0.021910152914220157,BCa,3.5131162996491687,2.4452316115430862e-05,1.4509216498395344e-05,3.090386486251896e-05,BCa,0,False
w_r_plus20,weights,cyber_outage,static,0.444040146813073,0.581277512172962,0.6016984671993054,0.15765832038623223,0.15370575925535473,0.16078575860840322,BCa,35.50542029088227,0.0003406400693892919,0.0003262091310137243,0.00035591872664537776,BCa,0,False
w_r_plus20,weights,adaptive_pricing,no_context,0.49874675379623323,0.628126859112909,0.6548438334939312,0.026716974381022173,0.024315160992832808,0.028608239203086333,BCa,4.25343606843274,1.2154248181339699e-05,-0.00014565976732677097,5.342009068528396e-05,BCa,0,False
w_r_plus20,weights,adaptive_pricing,static,0.49874675379623323,0.628126859112909,0.6548438334939312,0.1560970796976981,0.15203868760562417,0.1601559540348949,BCa,31.29786379752012,0.0005086891064907146,0.0004893625271747597,0.0005330922441489725,BCa,0,False
w_r_plus20,weights,baseline,no_context,0.5206837489598843,0.6523186446555931,0.6814547142183386,0.029136069562745604,0.026175006840953037,0.03107351253254629,BCa,4.466539443791105,8.73102356885147e-05,2.9540637992610976e-05,0.00022390692241408528,BCa,0,False
w_r_plus20,weights,baseline,static,0.5206837489598843,0.6523186446555931,0.6814547142183386,0.16077096525845433,0.1567110181692511,0.16516131745939802,BCa,30.87689323502217,0.0006105915951301249,0.0005527160328881612,0.0007529479886700102,BCa,0,False
w_r_plus20,weights,overall,no_context,0.45411670313717484,0.5854865603494553,0.6093370992246918,0.023850538875236388,0.022306022246853897,0.025240522982982246,BCa,4.073627046366509,1.6215306651476066e-05,-2.1804888585470636e-05,4.591356892147861e-05,BCa,0,False
w_r_plus20,weights,overall,static,0.45411670313717484,0.5854865603494553,0.6093370992246918,0.15522039608751678,0.15230167579890352,0.15765245665034952,BCa,34.18072821704368,0.00039567829316890235,0.00037560592004875565,0.0004217507669307105,BCa,0,False
w_p_minus20,weights,heatwave,no_context,0.40300803337592805,0.5277373884100428,0.5491541486098002,0.02141676019975727,0.019791599113155332,0.023312967962819207,BCa,4.058223023439988,-8.009223675137789e-05,-0.00020336279845334474,3.0252688551377178e-05,BCa,0,False
w_p_minus20,weights,heatwave,static,0.40300803337592805,0.5277373884100428,0.5491541486098002,0.14614611523387216,0.14232058665595737,0.14980114281683457,BCa,36.263821842366674,-0.00023854665577160706,-0.0003827091370055848,-0.00017628072084275198,BCa,0,False
w_p_minus20,weights,overproduction,no_context,0.4105752446360369,0.5435196254726049,0.5649992215947764,0.02147959612217167,0.01905937555136064,0.02411362737288771,BCa,3.951944900516625,-4.5087114118241844e-05,-5.092625609949542e-05,-3.951531004464655e-05,BCa,0,False
w_p_minus20,weights,overproduction,static,0.4105752446360369,0.5435196254726049,0.5649992215947764,0.15442397695873972,0.15226776138472406,0.15645016219987773,BCa,37.611614186732595,-0.00024850555198136783,-0.00025953304790619084,-0.00023901515416363097,BCa,0,False
w_p_minus20,weights,cyber_outage,no_context,0.447668396660731,0.584398332874412,0.6047372742067164,0.020338941332304305,0.01879482524034406,0.021818730934395982,BCa,3.4803215868644806,-5.756137792377047e-05,-6.402990817264633e-05,-5.092738802092753e-05,BCa,0,False
w_p_minus20,weights,cyber_outage,static,0.447668396660731,0.584398332874412,0.6047372742067164,0.15706887754598536,0.15313780376409253,0.16018951734024317,BCa,35.08598746697352,-0.00024880277085763956,-0.0002592601565161815,-0.00023406868336112039,BCa,0,False
w_p_minus20,weights,adaptive_pricing,no_context,0.5033155276804908,0.6318571913442844,0.6584832447750127,0.02662605343072818,0.024314913198062418,0.028494917506828768,BCa,4.213935331507567,-7.876670211265369e-05,-8.717512600271012e-05,-7.075569357822836e-05,BCa,0,False
w_p_minus20,weights,adaptive_pricing,static,0.5033155276804908,0.6318571913442844,0.6584832447750127,0.15516771709452176,0.15111666334664892,0.1592298119643256,BCa,30.82911385818075,-0.0004206734966856085,-0.0004358293411044874,-0.0004059511882197398,BCa,0,False
w_p_minus20,weights,baseline,no_context,0.5256500227049206,0.6563540791096381,0.685308229007101,0.028954149897462887,0.02598411502662696,0.030870600016290307,BCa,4.411361309240276,-9.460942959420015e-05,-0.00010348919728306098,-8.355189084779875e-05,BCa,0,False
w_p_minus20,weights,baseline,static,0.5256500227049206,0.6563540791096381,0.685308229007101,0.1596582063021803,0.1556359919278783,0.1640557891351982,BCa,30.373480339751875,-0.0005021673611439348,-0.0005243573125921546,-0.00047988435665683967,BCa,0,False
w_p_minus20,weights,overall,no_context,0.4580434450116214,0.5887733234421966,0.6125364236386812,0.023763100196484838,0.022216887714105828,0.025153927003299534,BCa,4.036035474154393,-7.122337210007413e-05,-9.645827324828781e-05,-4.9175288716057195e-05,BCa,0,False
w_p_minus20,weights,overall,static,0.4580434450116214,0.5887733234421966,0.6125364236386812,0.15449297862705985,0.15158139034951723,0.15691935246358837,BCa,33.728891944549076,-0.00033173916728803656,-0.0003536991175687059,-0.0003172457721371118,BCa,0,False
w_p_plus20,weights,heatwave,no_context,0.39988290935795334,0.5248895697433136,0.5464213738824328,0.021531804139119294,0.019911804208221077,0.02343946365999927,BCa,4.102158888325592,3.495170261064717e-05,1.6845554771209526e-06,4.541114982534979e-05,BCa,0,False
w_p_plus20,weights,heatwave,static,0.39988290935795334,0.5248895697433136,0.5464213738824328,0.1465384645244795,0.14265804892912512,0.1502131875463408,BCa,36.64534319802757,0.00015380263483567302,0.00014035446711335012,0.00016883341820416343,BCa,0,False
w_p_plus20,weights,overproduction,no_context,0.4072299567587305,0.5405627421438266,0.5621287417705358,0.021565999626709187,0.019149770979484976,0.024209298529036388,BCa,3.989546068450859,4.1316390419277035e-05,3.632207711201729e-05,4.663713140994431e-05,BCa,0,False
w_p_plus20,weights,overproduction,static,0.4072299567587305,0.5405627421438266,0.5621287417705358,0.15489878501180518,0.15273079116402996,0.15692786884366486,BCa,38.03717836592686,0.00022630250108407745,0.00021819084089953078,0.00023583192086374803,BCa,0,False
w_p_plus20,weights,cyber_outage,no_context,0.444040146813073,0.5811317745912465,0.6015804131385624,0.02044863854731574,0.01889824309420246,0.021940000227054633,BCa,3.518761052379006,5.213583708766345e-05,4.620933040329536e-05,5.803551245113622e-05,BCa,0,False
w_p_plus20,weights,cyber_outage,static,0.444040146813073,0.5811317745912465,0.6015804131385624,0.15754026632548918,0.15358177017682526,0.16066900634314313,BCa,35.47883394242023,0.0002225860086462139,0.0002096646330436819,0.00023316454187825584,BCa,0,False
w_p_plus20,weights,adaptive_pricing,no_context,0.49874675379623323,0.6279405343849345,0.6547165957966382,0.026776061411703724,0.024453500512117633,0.028657789398826856,BCa,4.2641078168223014,7.1241278862888e-05,6.425045815586647e-05,7.851964474527449e-05,BCa,0,False
w_p_plus20,weights,adaptive_pricing,static,0.49874675379623323,0.6279405343849345,0.6547165957966382,0.15596984200040498,0.15190534106521467,0.160037494134632,BCa,31.27235231372105,0.0003814514091976112,0.00036836484212421014,0.00039474653056529414,BCa,0,False
w_p_plus20,weights,baseline,no_context,0.5206837489598843,0.6521633522493098,0.6813522726977063,0.029188920448396487,0.026217771483927864,0.031136974258290803,BCa,4.475706944851159,0.00014016112133939939,8.561674743330964e-05,0.00030025187159720063,BCa,0,False
w_p_plus20,weights,baseline,static,0.5206837489598843,0.6521633522493098,0.6813522726977063,0.16066852373782195,0.15661924492787319,0.16506917424307457,BCa,30.85721881252732,0.0005081500744977235,0.0004535283072153264,0.000670873088245816,BCa,0,False
w_p_plus20,weights,overall,no_context,0.45411670313717484,0.5853375946225261,0.6092398794571751,0.023902284834648874,0.02234487085607284,0.025290764884020628,BCa,4.083504127231574,6.79612660639619e-05,5.634651911089405e-05,0.00010017757044150069,BCa,0,False
w_p_plus20,weights,overall,static,0.45411670313717484,0.5853375946225261,0.6092398794571751,0.15512317632000014,0.15219376985474486,0.15755596181459106,BCa,34.15931967451595,0.00029845852565224816,0.00028413793998937156,0.00032793769283560685,BCa,0,False
eta_minus20,weights,heatwave,no_context,0.4013671880118978,0.5261819884712675,0.5475149957619143,0.02133300729064686,0.019652324323017577,0.023276963425966732,BCa,4.054302077618866,-0.00016384514586179066,-0.00046969528249922937,2.1741909957448148e-05,BCa,0,False
eta_minus20,weights,heatwave,static,0.4013671880118978,0.5261819884712675,0.5475149957619143,0.14614780775001654,0.1421896204482827,0.14987193668770613,BCa,36.412495120474134,-0.00023685413962726276,-0.0005368897632702363,-8.513309006842884e-05,BCa,0,False
eta_minus20,weights,overproduction,no_context,0.40881941006491773,0.5419381315923402,0.5634754844249232,0.02153735283258319,0.01910848144513886,0.02419129325532894,BCa,3.974134975389431,1.2669596293279905e-05,-3.281630143111558e-05,0.00011631098803535078,BCa,0,False
eta_minus20,weights,overproduction,static,0.40881941006491773,0.5419381315923402,0.5634754844249232,0.15465607436000556,0.15249642878090158,0.15668370765753686,BCa,37.82992454674479,-1.640815071555779e-05,-8.28817841997382e-05,0.0,BCa,0,False
eta_minus20,weights,cyber_outage,no_context,0.44576304554951324,0.5826135672930863,0.6030674462636199,0.020453878970533475,0.018957262160683185,0.021943415386981333,BCa,3.510711064550967,5.737626030539733e-05,-1.3279602736293584e-05,0.00019868798638877916,BCa,0,False
eta_minus20,weights,cyber_outage,static,0.44576304554951324,0.5826135672930863,0.6030674462636199,0.15730440071410667,0.15337031109718874,0.16043101867452342,BCa,35.28879351588916,-1.3279602736293584e-05,-6.639801368146792e-05,0.0,BCa,0,False
eta_minus20,weights,adaptive_pricing,no_context,0.5009169780365419,0.62968829169239,0.6565053686277494,0.026817076935359348,0.024494637638659545,0.02870364452115912,BCa,4.258786019870891,0.00011225680251851222,3.434507361101957e-05,0.00026796733821062956,BCa,0,False
eta_minus20,weights,adaptive_pricing,static,0.5009169780365419,0.62968829169239,0.6565053686277494,0.15558839059120738,0.15152927286185966,0.15965696257459677,BCa,31.060714132923085,0.0,0.0,0.0,constant,0,False
eta_minus20,weights,baseline,no_context,0.5230426202207794,0.6541542345570465,0.683133016369755,0.028978781812708476,0.02606181758239704,0.030913948383767865,BCa,4.429961663755208,-6.997751434861254e-05,-0.00021326675419436336,0.0,BCa,0,False
eta_minus20,weights,baseline,static,0.5230426202207794,0.6541542345570465,0.683133016369755,0.1600903961489756,0.1560756585713204,0.16448757355822188,BCa,30.60752412134225,-6.997751434861254e-05,-0.00021326675419436336,0.0,BCa,0,False
eta_minus20,weights,overall,no_context,0.45598184837673,0.586915242721226,0.6107392622895924,0.023824019568366262,0.022243407651466957,0.025218408168218607,BCa,4.059192509280635,-1.0304000218650313e-05,-7.888877447576848e-05,6.108506859357768e-05,BCa,0,False
eta_minus20,weights,overall,static,0.45598184837673,0.586915242721226,0.6107392622895924,0.15475741391286235,0.15181616907106493,0.15718190682702493,BCa,33.939380364325935,-6.730388148554756e-05,-0.000123387796845895,-3.202775435448824e-05,BCa,0,False
eta_plus20,weights,heatwave,no_context,0.4013671880118978,0.5264207772692786,0.547743073643245,0.021322296373966446,0.019718164359073514,0.023217565651047347,BCa,4.050428344521726,-0.00017455606254220267,-0.00040742489064122346,-1.3632263013805687e-05,BCa,0,False
eta_plus20,weights,heatwave,static,0.4013671880118978,0.5264207772692786,0.547743073643245,0.14637588563134724,0.14253106431927234,0.1500441228515698,BCa,36.469320363828096,-8.776258296555594e-06,-9.389840115203718e-05,0.00011451882683838899,BCa,0,False
eta_plus20,weights,overproduction,no_context,0.40881941006491773,0.5419934021235384,0.5635915582988223,0.021598156175284027,0.019193197380040116,0.02429072157261794,BCa,3.9849481729227927,7.347293899411799e-05,0.0,0.00021347377124589014,BCa,0,False
eta_plus20,weights,overproduction,static,0.40881941006491773,0.5419934021235384,0.5635915582988223,0.1547721482339047,0.1526137172149661,0.15674619231596998,BCa,37.85831700342406,9.966572318355071e-05,3.070187989471784e-05,0.00023745222930153534,BCa,0,False
eta_plus20,weights,cyber_outage,no_context,0.44576304554951324,0.5826842231561281,0.6031469720329115,0.020462748876783315,0.01889098887471652,0.021964663173323188,BCa,3.511807607548763,6.624616655523941e-05,1.347691330703671e-05,0.00021495367810767108,BCa,0,False
eta_plus20,weights,cyber_outage,static,0.44576304554951324,0.5826842231561281,0.6031469720329115,0.1573839264833982,0.15345203114469116,0.16048962513003165,BCa,35.30663388423856,6.624616655523941e-05,1.347691330703671e-05,0.00021495367810767108,BCa,0,False
eta_plus20,weights,adaptive_pricing,no_context,0.5009169780365419,0.6298374748222634,0.6565430019958176,0.026705527173554046,0.024341481599761728,0.028575460988182116,BCa,4.240066404605441,7.070407132103718e-07,-7.385265470976066e-05,0.0001129001042042721,BCa,0,False
eta_plus20,weights,adaptive_pricing,static,0.5009169780365419,0.6298374748222634,0.6565430019958176,0.1556260239592755,0.15154848048345437,0.1596918451532449,BCa,31.068227028216754,3.76333680680907e-05,0.0,0.0001881668403404535,BCa,0,False
eta_plus20,weights,baseline,no_context,0.5230426202207794,0.6542122474461921,0.6832952366613806,0.029082989215188464,0.02613782281036141,0.031038961444439604,BCa,4.445497516856025,3.4229888131376283e-05,-0.00011479933488348082,0.00019133710989977515,BCa,0,False
eta_plus20,weights,baseline,static,0.5230426202207794,0.6542122474461921,0.6832952366613806,0.1602526164406012,0.15620455489681379,0.164603545290062,BCa,30.63853885806813,9.224277727698516e-05,1.6462937606243065e-05,0.00025483943051793546,BCa,0,False
eta_plus20,weights,overall,no_context,0.45598184837673,0.5870296249634801,0.6108639685264354,0.023834343562955235,0.0222745421695614,0.025238820563398306,BCa,4.060160262684869,1.9994370322948264e-08,-6.419396778953218e-05,6.328960815021723e-05,BCa,0,False
eta_plus20,weights,overall,static,0.45598184837673,0.5870296249634801,0.6108639685264354,0.15488212014970537,0.1519553009107948,0.15729695971177649,BCa,33.96672931194018,5.740235535745541e-05,2.1625850867950245e-05,0.00010725806924663735,BCa,0,False
eta_rho_minus20,weights,heatwave,no_context,0.4013671880118978,0.5262549974650329,0.547663701228408,0.02140870376337509,0.019808403551411898,0.023260428977474292,BCa,4.068123602911267,-8.814867313355901e-05,-0.00023293419000948722,-2.118709920330697e-05,BCa,0,False
eta_rho_minus20,weights,heatwave,static,0.4013671880118978,0.5262549974650329,0.547663701228408,0.14629651321651024,0.14243007641174726,0.1499626030143477,BCa,36.44954485222483,-8.814867313355901e-05,-0.00023293419000948722,-2.118709920330697e-05,BCa,0,False
eta_rho_minus20,weights,overproduction,no_context,0.40881941006491773,0.541967209339349,0.5634754844249232,0.021508275085574353,0.019106848385324445,0.024147464598523787,BCa,3.9685565316382627,-1.640815071555779e-05,-8.28817841997382e-05,0.0,BCa,0,False
eta_rho_minus20,weights,overproduction,static,0.40881941006491773,0.541967209339349,0.5634754844249232,0.15465607436000556,0.15249642878090158,0.15668370765753686,BCa,37.82992454674479,-1.640815071555779e-05,-8.28817841997382e-05,0.0,BCa,0,False
eta_rho_minus20,weights,cyber_outage,no_context,0.44576304554951324,0.5826842231561281,0.6030807258663562,0.020396502710228075,0.018848703461791953,0.02188126549619008,BCa,3.5004384707294376,0.0,0.0,0.0,constant,0,False
eta_rho_minus20,weights,cyber_outage,static,0.44576304554951324,0.5826842231561281,0.6030807258663562,0.15731768031684296,0.15337482571112526,0.1604426159393938,BCa,35.29177258803721,0.0,0.0,0.0,constant,0,False
eta_rho_minus20,weights,adaptive_pricing,no_context,0.5009169780365419,0.6298005484949085,0.6565053686277494,0.026704820132840833,0.02438514011001403,0.028580059712993974,BCa,4.240202743020749,0.0,0.0,0.0,constant,0,False
eta_rho_minus20,weights,adaptive_pricing,static,0.5009169780365419,0.6298005484949085,0.6565053686277494,0.15558839059120738,0.15152927286185966,0.15965696257459677,BCa,31.060714132923085,0.0,0.0,0.0,constant,0,False
eta_rho_minus20,weights,baseline,no_context,0.5230426202207794,0.6541542345570465,0.6832029938841035,0.02904875932705709,0.02606717021323114,0.030971104982499876,BCa,4.440659066699636,0.0,0.0,0.0,constant,0,False
eta_rho_minus20,weights,baseline,static,0.5230426202207794,0.6541542345570465,0.6832029938841035,0.16016037366332422,0.15612506639322235,0.16456895719172163,BCa,30.620903052932775,0.0,0.0,0.0,constant,0,False
eta_rho_minus20,weights,overall,no_context,0.45598184837673,0.5869722426024929,0.6107856548063081,0.023813412203815065,0.022265225906448718,0.025196805444610233,BCa,4.056991195739028,-2.0911364769846466e-05,-6.276004354766629e-05,-4.237419840693972e-06,BCa,0,False
eta_rho_minus20,weights,overall,static,0.45598184837673,0.5869722426024929,0.6107856548063081,0.15480380642957808,0.15187454637372205,0.1572365942284527,BCa,33.94955456684757,-2.0911364769832243e-05,-6.276004354764048e-05,-4.237419840680268e-06,BCa,0,False
eta_rho_plus20,weights,heatwave,no_context,0.4013671880118978,0.5262548643848689,0.5477679430004327,0.021513078615563876,0.019896304359638066,0.023400467430557806,BCa,4.0879581494624615,1.6226179055228716e-05,-1.5093724109482842e-05,7.490108339552325e-05,BCa,0,False
eta_rho_plus20,weights,heatwave,static,0.4013671880118978,0.5262548643848689,0.5477679430004327,0.14640075498853494,0.14254860027530267,0.15005836090740665,BCa,36.47551652483241,1.609309889114008e-05,0.0,8.046549445570039e-05,BCa,0,False
eta_rho_plus20,weights,overproduction,no_context,0.40881941006491773,0.541967209339349,0.5634918925756388,0.02152468323628991,0.0191111682152317,0.02416498065030379,BCa,3.971584048881521,0.0,0.0,0.0,constant,0,False
eta_rho_plus20,weights,overproduction,static,0.40881941006491773,0.541967209339349,0.5634918925756388,0.15467248251072113,0.15251124982100384,0.1567012673765621,BCa,37.83393809167725,0.0,0.0,0.0,constant,0,False
eta_rho_plus20,weights,cyber_outage,no_context,0.44576304554951324,0.5826842231561281,0.6030807258663562,0.020396502710228075,0.018848703461791953,0.02188126549619008,BCa,3.5004384707294376,0.0,0.0,0.0,constant,0,False
eta_rho_plus20,weights,cyber_outage,static,0.44576304554951324,0.5826842231561281,0.6030807258663562,0.15731768031684296,0.15337482571112526,0.1604426159393938,BCa,35.29177258803721,0.0,0.0,0.0,constant,0,False
eta_rho_plus20,weights,adaptive_pricing,no_context,0.5009169780365419,0.6298005484949085,0.6565053686277494,0.026704820132840833,0.02438514011001403,0.028580059712993974,BCa,4.240202743020749,0.0,0.0,0.0,constant,0,False
eta_rho_plus20,weights,adaptive_pricing,static,0.5009169780365419,0.6298005484949085,0.6565053686277494,0.15558839059120738,0.15152927286185966,0.15965696257459677,BCa,31.060714132923085,0.0,0.0,0.0,constant,0,False
eta_rho_plus20,weights,baseline,no_context,0.5230426202207794,0.6541542345570465,0.6832029938841035,0.02904875932705709,0.02606717021323114,0.030971104982499876,BCa,4.440659066699636,0.0,0.0,0.0,constant,0,False
eta_rho_plus20,weights,baseline,static,0.5230426202207794,0.6541542345570465,0.6832029938841035,0.16016037366332422,0.15612506639322235,0.16456895719172163,BCa,30.620903052932775,0.0,0.0,0.0,constant,0,False
eta_rho_plus20,weights,overall,no_context,0.45598184837673,0.5869722159864602,0.6108097847908562,0.023837568804395935,0.022285477029106132,0.025214371838407044,BCa,4.061106838649038,3.2452358110248573e-06,-3.0187448219250873e-06,1.4980216679046984e-05,BCa,0,False
eta_rho_plus20,weights,overall,static,0.45598184837673,0.5869722159864602,0.6108097847908562,0.15482793641412615,0.15191244379785473,0.15725584697332123,BCa,33.95484644077499,3.2186197782169136e-06,-1.2490009027033011e-17,1.609309889111521e-05,BCa,0,False
joint10_A,weights,heatwave,no_context,0.3998931475555315,0.5257079647207694,0.5467924932304584,0.021084528509688928,0.01959391109407397,0.022871104157056184,BCa,4.010692233070505,-0.00041232392681971877,-0.0011849116367894275,0.0002721812741316768,BCa,0,False
joint10_A,weights,heatwave,static,0.3998931475555315,0.5257079647207694,0.5467924932304584,0.14689934567492685,0.14298484237490058,0.1507372735247657,BCa,36.7346493864408,0.000514683785283046,-0.00030575205822492766,0.000976703548790104,BCa,0,False
joint10_A,weights,overproduction,no_context,0.4071646969364832,0.542428020545058,0.5631068488888141,0.020678828343756034,0.018399699158509007,0.023330698680440902,BCa,3.812271409389387,-0.0008458548925338761,-0.0014775467817731737,-0.00035834823891343215,BCa,0,False
joint10_A,weights,overproduction,static,0.4071646969364832,0.542428020545058,0.5631068488888141,0.15594215195233085,0.1537973806442156,0.1580630455620744,BCa,38.299526733443074,0.0012696694416097609,0.0009673365633569797,0.0015343891510841393,BCa,0,False
joint10_A,weights,cyber_outage,no_context,0.4439770277825138,0.5822831032482909,0.602878107843962,0.02059500459567115,0.019282834164001155,0.021813064841933735,BCa,3.536940103667966,0.00019850188544307535,-0.00040998566648855366,0.000856937198734708,BCa,0,False
joint10_A,weights,cyber_outage,static,0.4439770277825138,0.5822831032482909,0.602878107843962,0.15890108006144804,0.15535647942075226,0.1618396052622143,BCa,35.790383312194066,0.0015833997446050795,0.0010994189499810094,0.002108038999654414,BCa,0,False
joint10_A,weights,adaptive_pricing,no_context,0.49844528244419806,0.6270365311905491,0.6546508943213135,0.027614363130764336,0.025363117035149936,0.02948223305307244,BCa,4.403948056795539,0.0009095429979235015,0.0002748989075562101,0.0015458977544290477,BCa,0,False
joint10_A,weights,adaptive_pricing,static,0.49844528244419806,0.6270365311905491,0.6546508943213135,0.15620561187711554,0.1521863093289025,0.16026372434280342,BCa,31.338567617921647,0.0006172212859081649,9.63993190405731e-05,0.0010352841923299153,BCa,0,False
joint10_A,weights,baseline,no_context,0.5202792627476862,0.6522854801692599,0.6816582418059163,0.029372761636656287,0.026478420836066528,0.031333878605315696,BCa,4.503053115490847,0.0003240023095991973,-0.00022361489475336937,0.0007903877141631635,BCa,0,False
joint10_A,weights,baseline,static,0.5202792627476862,0.6522854801692599,0.6816582418059163,0.16137897905823,0.15709045728583487,0.16562234819417204,BCa,31.017761155030332,0.0012186053949057667,0.0007883956213824443,0.0015791507631125901,BCa,0,False
joint10_A,weights,overall,no_context,0.4539518834932825,0.5859482199747854,0.6098173172180928,0.023869097243307325,0.022346322463820775,0.025209327341054355,BCa,4.073584734899351,3.477367472241276e-05,-0.00018985673581585786,0.00028360818016211133,BCa,0,False
joint10_A,weights,overall,static,0.4539518834932825,0.5859482199747854,0.6098173172180928,0.15586543372481027,0.15292663213157653,0.1582713574204989,BCa,34.33523229937578,0.0010407159304623409,0.0008092495281673079,0.0011965309905327614,BCa,0,False
joint10_B,weights,heatwave,no_context,0.4028121135933449,0.5268027307139478,0.5485176336384675,0.021714902924519663,0.020291118948913712,0.023353322713761615,BCa,4.1220179126806356,0.00021805048801101513,-0.0005158848144119385,0.000839705098697542,BCa,0,False
joint10_B,weights,heatwave,static,0.4028121135933449,0.5268027307139478,0.5485176336384675,0.1457055200451226,0.1418293777869501,0.14934866825622953,BCa,36.172080016495784,-0.0006791418445212444,-0.0011323744091797925,-0.0002918670739250425,BCa,0,False
joint10_B,weights,overproduction,no_context,0.4104405279853679,0.5420463629463148,0.5640135115412639,0.021967148594949075,0.019612837822177622,0.02483075564284617,BCa,4.052632781363158,0.00044246535865916645,-0.00027971712851327025,0.0010761220964911533,BCa,0,False
joint10_B,weights,overproduction,static,0.4104405279853679,0.5420463629463148,0.5640135115412639,0.15357298355589605,0.1517691065777403,0.1556533187311427,BCa,37.41662264925526,-0.0010994989548250567,-0.0016861017684230478,-0.0005010533053236752,BCa,0,False
joint10_B,weights,cyber_outage,no_context,0.4475142166086945,0.5837122924336136,0.6033778338284322,0.019665541394818565,0.018234615254148358,0.020885026585737092,BCa,3.3690469859438763,-0.0007309613154095118,-0.0013406033006995042,-0.00015178778279076977,BCa,0,False
joint10_B,weights,cyber_outage,static,0.4475142166086945,0.5837122924336136,0.6033778338284322,0.15586361721973757,0.15200202885601086,0.15883479524081762,BCa,34.82875212342682,-0.0014540630971054153,-0.0019110873536296097,-0.0009333674371700591,BCa,0,False
joint10_B,weights,adaptive_pricing,no_context,0.5033385035836087,0.632034395398678,0.6580930449779062,0.026058649579228217,0.02362767712476655,0.02803890365105281,BCa,4.122979662015198,-0.0006461705536126184,-0.0014190765592847973,6.41743917782949e-05,BCa,0,False
joint10_B,weights,adaptive_pricing,static,0.5033385035836087,0.632034395398678,0.6580930449779062,0.15475454139429748,0.15088179863822554,0.15875447488976324,BCa,30.74561955671875,-0.0008338491969099304,-0.0016740128115139562,-0.00032592608310968226,BCa,0,False
joint10_B,weights,baseline,no_context,0.5257517943413379,0.656764251393002,0.6847787593244459,0.028014507931443895,0.0253783774423521,0.030028081243547333,BCa,4.2655348356773235,-0.001034251395613195,-0.001747425787199523,-0.0003019203580350797,BCa,0,False
joint10_B,weights,baseline,static,0.5257517943413379,0.656764251393002,0.6847787593244459,0.15902696498310787,0.15526373291333154,0.16334313806312564,BCa,30.247536326972867,-0.0011334086802163522,-0.0016787285898790675,-0.0006784655246342208,BCa,0,False
joint10_B,weights,overall,no_context,0.4579714312224709,0.5882720065771113,0.6117561566621031,0.023484150084991894,0.022030206017524052,0.024795256027945117,BCa,3.9920563654958765,-0.0003501734835930168,-0.0007738450942175226,2.3656651283006406e-05,BCa,0,False
joint10_B,weights,overall,static,0.4579714312224709,0.5882720065771113,0.6117561566621031,0.15378472543963234,0.15106400370094286,0.15619535746112115,BCa,33.57954556884305,-0.001039992354715588,-0.0013260305812044435,-0.0008139738329225059,BCa,0,False
joint20_A,weights,heatwave,no_context,0.39838872120955326,0.5248306192761575,0.5462096262288965,0.021379006952739064,0.019852016527706993,0.023148262931267323,BCa,4.073506035571025,-0.00011784548376958526,-0.0010288269559420985,0.0008641896076611977,BCa,0,False
joint20_A,weights,heatwave,static,0.39838872120955326,0.5248306192761575,0.5462096262288965,0.14782090501934325,0.14394715101788172,0.15162372356498077,BCa,37.104691259968966,0.0014362431296994298,0.0007235025728588056,0.00196085618454622,BCa,0,False
joint20_A,weights,overproduction,no_context,0.40547651745126556,0.5426115121282733,0.5621679365956496,0.019556424467376227,0.017325315085511026,0.021813212099068856,BCa,3.604130032308104,-0.0019682587689136832,-0.0026633763797423832,-0.0008210226030252407,BCa,0,False
joint20_A,weights,overproduction,static,0.40547651745126556,0.5426115121282733,0.5621679365956496,0.15669141914438395,0.15443922034197594,0.15891160422219247,BCa,38.64377156273095,0.0020189366336628182,0.0015693735030991767,0.002444006651651936,BCa,0,False
joint20_A,weights,cyber_outage,no_context,0.44215399838035985,0.5816027835553671,0.6025374325671229,0.020934649011755773,0.019388463248372706,0.022275850546412346,BCa,3.599475381424623,0.0005381463015276978,-0.0005210625789273855,0.0019628201116706264,BCa,0,False
joint20_A,weights,cyber_outage,static,0.44215399838035985,0.5816027835553671,0.6025374325671229,0.16038343418676287,0.15677467045666396,0.16331064197052061,BCa,36.27320679542836,0.003065753869919921,0.002181602093697818,0.003817612674957859,BCa,0,False
joint20_A,weights,adaptive_pricing,no_context,0.49592401180518025,0.6249203202010355,0.653291893053994,0.028371572852958583,0.026312747616951546,0.030260352053384128,BCa,4.540030454415614,0.0016667527201177478,0.0006798849918084047,0.0026073256726543716,BCa,0,False
joint20_A,weights,adaptive_pricing,static,0.49592401180518025,0.6249203202010355,0.653291893053994,0.15736788124881385,0.15352204723529736,0.16140702903990917,BCa,31.732256858462936,0.0017794906576064722,0.0011853878373822534,0.002421194055526711,BCa,0,False
joint20_A,weights,baseline,no_context,0.5174585120542909,0.6501750049389095,0.6803612105877971,0.03018620564888761,0.02785701514100708,0.03207467364669522,BCa,4.642781623345227,0.0011374463218305209,0.0002198495226393583,0.0020318022192605304,BCa,0,False
joint20_A,weights,baseline,static,0.5174585120542909,0.6501750049389095,0.6803612105877971,0.1629026985335061,0.1582962287671556,0.16714437789771655,BCa,31.48130617984976,0.0027423248701819282,0.002000502649576611,0.0032662891115917275,BCa,0,False
joint20_A,weights,overall,no_context,0.45188035218013,0.5848280480199485,0.6089136198066919,0.024085571786743448,0.022610871849062155,0.025336917006679966,BCa,4.1184023010336,0.00025124821815853646,-0.0001823288571427749,0.0007385162971562717,BCa,0,False
joint20_A,weights,overall,static,0.45188035218013,0.5848280480199485,0.6089136198066919,0.157033267626562,0.15404669746891436,0.159412482820035,BCa,34.75107224045999,0.0022085498322141047,0.0019527549779830213,0.00249116045193394,BCa,0,False
joint20_B,weights,heatwave,no_context,0.4042285847886772,0.527644302155333,0.5489464103317431,0.02130210817641019,0.019807640710504157,0.022977966772074226,BCa,4.037209932788978,-0.00019474426009845892,-0.0011977935433816276,0.0008522324673129915,BCa,0,False
joint20_B,weights,heatwave,static,0.4042285847886772,0.527644302155333,0.5489464103317431,0.14471782554306584,0.14096533589278093,0.14834770945081777,BCa,35.80098760673283,-0.00166683634657796,-0.0022390111218878236,-0.0011881972779624733,BCa,0,False
joint20_B,weights,overproduction,no_context,0.4120310237436905,0.5416535172217982,0.5640338223687195,0.022380305146921242,0.020190194140396838,0.02468444109711364,BCa,4.131848946853026,0.0008556219106313323,-0.00016783213195404201,0.0017911261008157916,BCa,0,False
joint20_B,weights,overproduction,static,0.4120310237436905,0.5416535172217982,0.5640338223687195,0.15200279862502894,0.15000293698976977,0.1542509329332581,BCa,36.89110524832333,-0.002669683885692145,-0.0034637685608920523,-0.0019068656250488289,BCa,0,False
joint20_B,weights,cyber_outage,no_context,0.4492301672589428,0.5841714566917916,0.6028452776879183,0.01867382099612678,0.01750733943599396,0.019698836567772743,BCa,3.196633588001386,-0.0017226817141012985,-0.0027532493924653026,-0.0008624903538726899,BCa,0,False
joint20_B,weights,cyber_outage,static,0.4492301672589428,0.5841714566917916,0.6028452776879183,0.1536151104289755,0.14976877861873367,0.15662829264420655,BCa,34.195190266558726,-0.003702569887867499,-0.004442525835234942,-0.0029512985919524335,BCa,0,False
joint20_B,weights,adaptive_pricing,no_context,0.5057139802897482,0.6339667365391211,0.6595858662399486,0.025619129700827532,0.023498342287734664,0.027547513908994428,BCa,4.04108421219141,-0.0010856904320133032,-0.0017976575801338932,-0.000258758081983417,BCa,0,False
joint20_B,weights,adaptive_pricing,static,0.5057139802897482,0.6339667365391211,0.6595858662399486,0.15387188595020035,0.1498984316393206,0.15791659844891676,BCa,30.426662490532618,-0.0017165046410069912,-0.0023550626176303325,-0.0009500480114118929,BCa,0,False
joint20_B,weights,baseline,no_context,0.5284077719134381,0.6585158811720911,0.6863349554258646,0.027819074253773474,0.02549739044700001,0.029907543216950806,BCa,4.224510759597529,-0.0012296850732836152,-0.0022784226272170045,-9.91938333642445e-05,BCa,0,False
joint20_B,weights,baseline,static,0.5284077719134381,0.6585158811720911,0.6863349554258646,0.15792718351242652,0.1538334589571422,0.16259537959279916,BCa,29.887369548057592,-0.0022331901508977126,-0.0028497978050935555,-0.0014434388144820023,BCa,0,False
joint20_B,weights,overall,no_context,0.4599223055988994,0.589190378756027,0.6123492664108388,0.023158887654811815,0.02190798642924698,0.02427825282209952,BCa,3.930628959642515,-0.0006754359137730957,-0.001318020793939201,-0.00016973898108234672,BCa,0,False
joint20_B,weights,overall,static,0.4599223055988994,0.589190378756027,0.6123492664108388,0.1524269608119394,0.14960322503219542,0.1549499215109024,BCa,33.14189352339692,-0.0023977569824084775,-0.002745902600093491,-0.0020128123068520807,BCa,0,False
